﻿Age_Group,Gender,Education_Level,Browsing_History,Purchase_Frequency,Preferred_Payment,Next_Purchase_Category
Teen,Other,HS,Clothing,High,Credit Card,Electronics
Middle-aged,M,HS,Electronics,High,Online Payment,Clothing
Teen,M,PhD,Books,Low,Online Payment,Electronics
Middle-aged,Other,Bachelor's,Electronics,High,Credit Card,Books
Teen,F,Bachelor's,Electronics,High,Credit Card,Books
Teen,F,Bachelor's,Home Goods,High,Debit Card,Books
Middle-aged,Other,Bachelor's,Books,Low,Debit Card,Home Goods
Senior,F,Master's,Electronics,Low,Debit Card,Electronics
Teen,Other,Master's,Books,High,Debit Card,Electronics
Middle-aged,Other,Bachelor's,Books,Medium,Debit Card,Electronics
Teen,Other,PhD,Clothing,Low,Debit Card,Electronics
Middle-aged,F,HS,Home Goods,Medium,Credit Card,Clothing
Senior,Other,HS,Books,High,Credit Card,Books
Teen,Other,HS,Clothing,Medium,Debit Card,Electronics
Adult,F,Bachelor's,Electronics,Medium,Debit Card,Clothing
Adult,M,PhD,Books,High,Credit Card,Books
Middle-aged,Other,Bachelor's,Clothing,Medium,Credit Card,Electronics
Middle-aged,Other,HS,Home Goods,Medium,Debit Card,Electronics
Teen,M,Bachelor's,Electronics,Low,Debit Card,Home Goods
Teen,Other,Bachelor's,Electronics,Low,Debit Card,Books
Middle-aged,Other,Bachelor's,Clothing,Medium,Debit Card,Electronics
Senior,M,Bachelor's,Electronics,Low,Online Payment,Electronics
Middle-aged,Other,HS,Clothing,Medium,Credit Card,Electronics
Adult,M,PhD,Books,Low,Credit Card,Home Goods
Teen,Other,Master's,Clothing,Low,Online Payment,Books
Adult,M,Bachelor's,Books,High,Online Payment,Clothing
Senior,Other,PhD,Books,High,Online Payment,Home Goods
Senior,M,HS,Home Goods,Low,Online Payment,Electronics
Middle-aged,F,Bachelor's,Electronics,Low,Debit Card,Home Goods
Senior,Other,Master's,Clothing,High,Debit Card,Home Goods
Teen,F,Bachelor's,Clothing,High,Debit Card,Clothing
Middle-aged,F,HS,Books,High,Online Payment,Home Goods
Adult,F,HS,Books,Medium,Credit Card,Clothing
Adult,F,Bachelor's,Clothing,High,Credit Card,Home Goods
Adult,F,Bachelor's,Books,Low,Online Payment,Books
Adult,M,Bachelor's,Books,Medium,Online Payment,Books
Senior,F,Master's,Home Goods,High,Debit Card,Electronics
Teen,Other,Bachelor's,Electronics,Medium,Credit Card,Electronics
Teen,F,HS,Electronics,High,Debit Card,Books
Adult,F,Master's,Clothing,High,Credit Card,Electronics
Middle-aged,Other,PhD,Electronics,High,Online Payment,Home Goods
Adult,F,HS,Clothing,High,Online Payment,Clothing
Teen,Other,Bachelor's,Electronics,High,Debit Card,Electronics
Teen,F,Bachelor's,Electronics,High,Debit Card,Clothing
Adult,F,Bachelor's,Electronics,High,Debit Card,Home Goods
Middle-aged,M,Bachelor's,Clothing,Medium,Online Payment,Electronics
Teen,M,Master's,Clothing,Medium,Credit Card,Clothing
Adult,M,HS,Home Goods,High,Credit Card,Clothing
Adult,Other,Bachelor's,Books,Low,Credit Card,Books
Middle-aged,Other,Master's,Books,Low,Debit Card,Books
Middle-aged,M,PhD,Electronics,Medium,Online Payment,Books
Teen,Other,HS,Home Goods,Medium,Debit Card,Home Goods
Senior,M,Master's,Clothing,Low,Debit Card,Books
Senior,M,Bachelor's,Home Goods,High,Online Payment,Electronics
Teen,M,Master's,Books,High,Online Payment,Clothing
Middle-aged,M,Bachelor's,Electronics,High,Credit Card,Electronics
Middle-aged,F,HS,Electronics,Low,Online Payment,Clothing
Middle-aged,F,Master's,Electronics,Medium,Credit Card,Books
Senior,Other,PhD,Clothing,High,Online Payment,Books
Senior,Other,Master's,Home Goods,High,Credit Card,Clothing
Middle-aged,F,HS,Home Goods,Low,Online Payment,Home Goods
Adult,Other,Bachelor's,Home Goods,Low,Credit Card,Clothing
Adult,F,Master's,Electronics,Low,Online Payment,Electronics
Senior,M,Bachelor's,Home Goods,Medium,Online Payment,Electronics
Middle-aged,Other,Bachelor's,Home Goods,Medium,Online Payment,Home Goods
Adult,M,HS,Home Goods,Low,Credit Card,Electronics
Middle-aged,F,Bachelor's,Books,Medium,Credit Card,Home Goods
Senior,Other,Master's,Clothing,Medium,Debit Card,Home Goods
Teen,M,Master's,Clothing,Low,Debit Card,Electronics
Middle-aged,M,PhD,Electronics,High,Online Payment,Electronics
Teen,F,PhD,Clothing,High,Credit Card,Clothing
Teen,F,HS,Books,Medium,Debit Card,Books
Teen,M,Master's,Electronics,Low,Credit Card,Electronics
Middle-aged,M,Master's,Books,Medium,Debit Card,Books
Teen,F,HS,Books,Medium,Credit Card,Electronics
Adult,Other,Bachelor's,Clothing,Low,Debit Card,Electronics
Teen,M,HS,Electronics,High,Credit Card,Electronics
Senior,Other,PhD,Electronics,Medium,Credit Card,Home Goods
Adult,M,Master's,Books,Medium,Credit Card,Home Goods
Teen,F,HS,Books,Low,Online Payment,Home Goods
Adult,F,Master's,Home Goods,Medium,Debit Card,Clothing
Adult,M,HS,Clothing,Medium,Online Payment,Books
Senior,F,Master's,Home Goods,Low,Credit Card,Books
Teen,Other,PhD,Home Goods,Medium,Debit Card,Clothing
Teen,F,Bachelor's,Electronics,Medium,Debit Card,Electronics
Middle-aged,F,Master's,Clothing,Medium,Debit Card,Home Goods
Middle-aged,Other,Bachelor's,Books,Medium,Online Payment,Books
Middle-aged,F,Master's,Books,High,Credit Card,Electronics
Middle-aged,Other,Bachelor's,Home Goods,Low,Debit Card,Home Goods
Senior,F,Bachelor's,Clothing,Low,Debit Card,Electronics
Adult,F,Master's,Books,High,Credit Card,Clothing
Middle-aged,M,HS,Electronics,High,Debit Card,Home Goods
Middle-aged,Other,Master's,Home Goods,High,Online Payment,Clothing
Middle-aged,M,Master's,Books,Medium,Online Payment,Home Goods
Adult,F,PhD,Electronics,Low,Online Payment,Clothing
Senior,F,PhD,Clothing,Medium,Credit Card,Home Goods
Adult,F,Master's,Books,High,Debit Card,Electronics
Senior,M,HS,Electronics,High,Credit Card,Electronics
Teen,F,Bachelor's,Books,High,Debit Card,Electronics
Teen,F,Master's,Clothing,High,Online Payment,Electronics
Adult,M,Master's,Electronics,High,Online Payment,Home Goods
Middle-aged,Other,HS,Home Goods,High,Debit Card,Electronics
Middle-aged,Other,HS,Electronics,Medium,Online Payment,Electronics
Senior,Other,Master's,Electronics,Low,Credit Card,Books
Senior,M,Master's,Home Goods,Low,Credit Card,Electronics
Middle-aged,M,Bachelor's,Clothing,High,Debit Card,Clothing
Adult,Other,Bachelor's,Books,High,Debit Card,Books
Adult,Other,PhD,Clothing,Low,Credit Card,Home Goods
Adult,F,Master's,Home Goods,Low,Credit Card,Electronics
Senior,F,HS,Electronics,Low,Credit Card,Electronics
Teen,M,PhD,Electronics,Low,Online Payment,Books
Teen,M,PhD,Home Goods,Low,Credit Card,Clothing
Teen,M,Master's,Clothing,Low,Online Payment,Home Goods
Senior,Other,HS,Electronics,High,Online Payment,Clothing
Senior,F,PhD,Books,Medium,Online Payment,Books
Senior,F,PhD,Clothing,Medium,Online Payment,Clothing
Middle-aged,F,Bachelor's,Clothing,High,Debit Card,Books
Teen,Other,Master's,Electronics,Medium,Online Payment,Clothing
Adult,Other,HS,Home Goods,Medium,Credit Card,Books
Teen,F,HS,Books,High,Credit Card,Books
Adult,M,PhD,Electronics,Medium,Credit Card,Books
Senior,M,HS,Books,Medium,Credit Card,Home Goods
Middle-aged,F,PhD,Electronics,High,Debit Card,Books
Middle-aged,Other,HS,Clothing,Low,Credit Card,Clothing
Adult,Other,PhD,Electronics,High,Online Payment,Clothing
Adult,M,Bachelor's,Books,Low,Debit Card,Clothing
Middle-aged,Other,Bachelor's,Home Goods,Low,Credit Card,Home Goods
Middle-aged,F,HS,Electronics,Medium,Online Payment,Electronics
Senior,M,Bachelor's,Books,High,Credit Card,Home Goods
Teen,F,PhD,Clothing,High,Online Payment,Books
Adult,F,Bachelor's,Clothing,Medium,Debit Card,Electronics
Middle-aged,F,PhD,Home Goods,High,Credit Card,Home Goods
Middle-aged,Other,Bachelor's,Home Goods,Low,Online Payment,Electronics
Middle-aged,M,Master's,Electronics,High,Credit Card,Electronics
Middle-aged,F,Bachelor's,Books,Medium,Online Payment,Clothing
Middle-aged,Other,HS,Clothing,High,Debit Card,Clothing
Adult,F,HS,Home Goods,High,Credit Card,Books
Adult,F,PhD,Home Goods,High,Credit Card,Electronics
Middle-aged,M,HS,Clothing,Low,Online Payment,Electronics
Senior,F,PhD,Clothing,Medium,Debit Card,Home Goods
Teen,M,HS,Electronics,Medium,Online Payment,Home Goods
Middle-aged,F,PhD,Home Goods,Medium,Online Payment,Clothing
Teen,Other,Bachelor's,Clothing,Low,Credit Card,Home Goods
Teen,F,Bachelor's,Books,Low,Credit Card,Books
Senior,M,Master's,Home Goods,Low,Debit Card,Electronics
Middle-aged,Other,Master's,Clothing,Medium,Credit Card,Clothing
Middle-aged,Other,Master's,Home Goods,Medium,Credit Card,Books
Middle-aged,M,Bachelor's,Clothing,Medium,Credit Card,Electronics
Middle-aged,F,HS,Electronics,Low,Credit Card,Electronics
Middle-aged,F,Master's,Books,Medium,Credit Card,Home Goods
Teen,F,Bachelor's,Clothing,Low,Online Payment,Electronics
Senior,Other,Master's,Electronics,Low,Debit Card,Books
Senior,F,PhD,Home Goods,High,Online Payment,Home Goods
Adult,F,Master's,Clothing,Low,Credit Card,Electronics
Teen,M,Bachelor's,Clothing,High,Credit Card,Clothing
Middle-aged,F,HS,Electronics,Medium,Credit Card,Books
Teen,F,Bachelor's,Electronics,High,Online Payment,Clothing
Senior,M,HS,Books,Medium,Online Payment,Electronics
Teen,M,HS,Clothing,Medium,Debit Card,Home Goods
Teen,Other,PhD,Books,Medium,Credit Card,Books
Senior,F,PhD,Electronics,High,Credit Card,Clothing
Middle-aged,Other,Master's,Electronics,Medium,Debit Card,Electronics
Adult,F,HS,Home Goods,Low,Online Payment,Home Goods
Middle-aged,M,HS,Home Goods,Low,Debit Card,Books
Senior,Other,HS,Electronics,Low,Online Payment,Electronics
Middle-aged,M,HS,Electronics,High,Credit Card,Home Goods
Senior,M,Bachelor's,Clothing,Low,Credit Card,Books
Senior,Other,Bachelor's,Electronics,Medium,Online Payment,Electronics
Adult,F,PhD,Clothing,High,Online Payment,Clothing
Adult,M,Master's,Home Goods,Medium,Credit Card,Books
Teen,M,Bachelor's,Home Goods,Medium,Online Payment,Electronics
Senior,M,Bachelor's,Home Goods,Low,Credit Card,Electronics
Teen,F,PhD,Home Goods,Low,Credit Card,Home Goods
Senior,M,PhD,Electronics,Medium,Credit Card,Home Goods
Adult,M,HS,Books,Low,Online Payment,Home Goods
Middle-aged,M,PhD,Electronics,Medium,Credit Card,Books
Senior,Other,HS,Clothing,Low,Online Payment,Clothing
Teen,Other,Master's,Home Goods,High,Debit Card,Electronics
Senior,M,HS,Home Goods,Medium,Online Payment,Books
Teen,F,Bachelor's,Electronics,Low,Debit Card,Home Goods
Senior,Other,Master's,Electronics,Medium,Credit Card,Books
Adult,M,HS,Home Goods,Low,Debit Card,Books
Teen,F,Bachelor's,Home Goods,Medium,Online Payment,Clothing
Middle-aged,F,HS,Electronics,Medium,Debit Card,Electronics
Adult,F,Master's,Books,High,Online Payment,Clothing
Senior,M,PhD,Home Goods,Low,Credit Card,Electronics
Adult,F,Bachelor's,Electronics,Low,Credit Card,Books
Teen,M,Master's,Electronics,Low,Debit Card,Home Goods
Middle-aged,F,Bachelor's,Clothing,Low,Credit Card,Electronics
Teen,Other,PhD,Books,Medium,Debit Card,Home Goods
Teen,Other,PhD,Electronics,Medium,Credit Card,Clothing
Middle-aged,M,PhD,Books,High,Credit Card,Home Goods
Teen,M,HS,Clothing,Medium,Credit Card,Home Goods
Senior,F,HS,Home Goods,High,Online Payment,Clothing
Teen,M,Bachelor's,Books,High,Online Payment,Electronics
Teen,M,Bachelor's,Clothing,Medium,Online Payment,Electronics
Teen,F,Bachelor's,Books,Low,Online Payment,Home Goods
Adult,Other,Bachelor's,Electronics,Low,Credit Card,Electronics
Senior,F,HS,Home Goods,Medium,Online Payment,Clothing
Teen,Other,PhD,Electronics,Medium,Debit Card,Books
Adult,F,Master's,Home Goods,Low,Online Payment,Clothing
Adult,Other,HS,Clothing,High,Debit Card,Clothing
Senior,F,PhD,Clothing,High,Online Payment,Clothing
Teen,F,PhD,Clothing,Low,Credit Card,Electronics
Senior,Other,Master's,Home Goods,Medium,Credit Card,Electronics
Senior,Other,Master's,Clothing,Low,Debit Card,Home Goods
Senior,Other,HS,Clothing,Medium,Debit Card,Home Goods
Middle-aged,Other,HS,Electronics,Low,Debit Card,Electronics
Teen,F,Master's,Electronics,Medium,Debit Card,Electronics
Teen,Other,Master's,Books,Low,Credit Card,Clothing
Senior,F,PhD,Books,Low,Credit Card,Clothing
Middle-aged,Other,PhD,Electronics,High,Debit Card,Clothing
Teen,Other,Bachelor's,Home Goods,Low,Online Payment,Home Goods
Teen,F,HS,Books,Low,Credit Card,Electronics
Teen,Other,Bachelor's,Electronics,Medium,Online Payment,Clothing
Teen,Other,HS,Home Goods,High,Credit Card,Electronics
Senior,F,PhD,Books,Low,Debit Card,Books
Teen,Other,HS,Electronics,Low,Online Payment,Clothing
Senior,Other,HS,Books,High,Online Payment,Clothing
Adult,Other,HS,Electronics,High,Credit Card,Electronics
Senior,F,PhD,Books,Low,Online Payment,Electronics
Adult,Other,Bachelor's,Clothing,High,Credit Card,Books
Middle-aged,Other,Bachelor's,Books,High,Online Payment,Clothing
Adult,Other,Master's,Books,High,Debit Card,Clothing
Middle-aged,M,HS,Books,High,Debit Card,Electronics
Teen,M,Bachelor's,Clothing,High,Online Payment,Home Goods
Senior,M,Master's,Home Goods,Low,Online Payment,Clothing
Teen,F,PhD,Books,Low,Online Payment,Clothing
Senior,M,PhD,Home Goods,Low,Online Payment,Books
Adult,M,Bachelor's,Books,High,Credit Card,Books
Teen,Other,PhD,Home Goods,Medium,Online Payment,Electronics
Adult,M,HS,Electronics,High,Credit Card,Clothing
Adult,F,HS,Electronics,High,Credit Card,Home Goods
Teen,F,HS,Books,Medium,Online Payment,Books
Adult,M,HS,Clothing,Low,Credit Card,Books
Teen,F,HS,Home Goods,Medium,Credit Card,Home Goods
Adult,Other,Master's,Books,High,Credit Card,Clothing
Teen,Other,HS,Clothing,High,Debit Card,Books
Senior,F,HS,Books,Low,Online Payment,Clothing
Middle-aged,M,PhD,Electronics,High,Credit Card,Home Goods
Adult,M,PhD,Home Goods,Low,Credit Card,Home Goods
Middle-aged,Other,Bachelor's,Books,High,Debit Card,Books
Middle-aged,F,Bachelor's,Home Goods,Low,Online Payment,Home Goods
Adult,Other,PhD,Home Goods,Low,Debit Card,Electronics
Teen,F,Master's,Home Goods,Medium,Credit Card,Clothing
Adult,F,HS,Home Goods,High,Debit Card,Books
Middle-aged,Other,Bachelor's,Home Goods,Medium,Debit Card,Clothing
Senior,F,PhD,Home Goods,High,Credit Card,Home Goods
Senior,M,HS,Home Goods,Medium,Debit Card,Books
Teen,Other,PhD,Electronics,Low,Online Payment,Clothing
Senior,Other,HS,Books,High,Debit Card,Home Goods
Senior,Other,PhD,Home Goods,Medium,Online Payment,Electronics
Senior,Other,Bachelor's,Clothing,Low,Online Payment,Clothing
Middle-aged,M,PhD,Clothing,Medium,Credit Card,Electronics
Adult,Other,Bachelor's,Electronics,Low,Debit Card,Electronics
Senior,F,Master's,Home Goods,Medium,Credit Card,Electronics
Middle-aged,M,Master's,Books,Low,Online Payment,Electronics
Teen,Other,HS,Home Goods,High,Debit Card,Books
Adult,Other,Master's,Electronics,Low,Credit Card,Home Goods
Teen,F,Bachelor's,Home Goods,High,Credit Card,Electronics
Middle-aged,F,Bachelor's,Home Goods,High,Online Payment,Clothing
Middle-aged,Other,HS,Home Goods,Low,Credit Card,Electronics
Senior,M,Master's,Electronics,Medium,Credit Card,Electronics
Adult,M,PhD,Electronics,Medium,Debit Card,Clothing
Senior,Other,HS,Home Goods,Low,Debit Card,Home Goods
Senior,Other,PhD,Home Goods,High,Online Payment,Clothing
Senior,Other,PhD,Home Goods,Medium,Debit Card,Clothing
Middle-aged,F,HS,Clothing,High,Online Payment,Electronics
Adult,F,HS,Books,Medium,Online Payment,Home Goods
Middle-aged,F,Bachelor's,Books,High,Online Payment,Home Goods
Adult,F,HS,Clothing,Low,Online Payment,Books
Teen,M,HS,Books,Low,Debit Card,Electronics
Middle-aged,M,Bachelor's,Home Goods,High,Credit Card,Electronics
Senior,F,Master's,Clothing,Low,Credit Card,Books
Middle-aged,M,PhD,Clothing,High,Credit Card,Electronics
Teen,F,Bachelor's,Clothing,Low,Debit Card,Electronics
Middle-aged,F,PhD,Books,Medium,Debit Card,Books
Middle-aged,F,PhD,Electronics,Low,Credit Card,Electronics
Senior,Other,HS,Home Goods,High,Credit Card,Electronics
Teen,M,Master's,Clothing,High,Debit Card,Books
Middle-aged,M,PhD,Home Goods,Low,Credit Card,Home Goods
Senior,M,HS,Home Goods,Low,Debit Card,Books
Teen,M,PhD,Home Goods,Low,Debit Card,Books
Teen,Other,HS,Clothing,Low,Credit Card,Clothing
Teen,M,Master's,Home Goods,Low,Credit Card,Electronics
Middle-aged,Other,HS,Books,Low,Debit Card,Books
Teen,M,Master's,Clothing,High,Online Payment,Clothing
Adult,Other,PhD,Books,Medium,Debit Card,Books
Adult,Other,Master's,Home Goods,Low,Debit Card,Electronics
Senior,F,Master's,Books,Medium,Debit Card,Clothing
Middle-aged,M,HS,Home Goods,Medium,Online Payment,Books
Adult,M,HS,Electronics,Low,Online Payment,Electronics
Middle-aged,F,PhD,Books,High,Credit Card,Home Goods
Middle-aged,Other,HS,Books,Low,Online Payment,Home Goods
Adult,F,Bachelor's,Books,Low,Debit Card,Clothing
Adult,Other,Master's,Electronics,High,Credit Card,Books
Middle-aged,F,PhD,Home Goods,Low,Credit Card,Electronics
Middle-aged,F,HS,Books,Low,Online Payment,Clothing
Adult,M,PhD,Home Goods,Low,Debit Card,Clothing
Senior,M,PhD,Books,Low,Credit Card,Books
Teen,Other,Master's,Books,High,Online Payment,Clothing
Teen,Other,PhD,Home Goods,High,Online Payment,Books
Senior,M,Bachelor's,Books,High,Debit Card,Home Goods
Teen,Other,Master's,Books,Medium,Credit Card,Electronics
Adult,Other,Bachelor's,Books,Medium,Credit Card,Clothing
Teen,F,Master's,Books,Medium,Credit Card,Books
Middle-aged,F,Master's,Electronics,Low,Online Payment,Electronics
Middle-aged,Other,PhD,Electronics,Medium,Credit Card,Home Goods
Senior,M,Master's,Home Goods,High,Debit Card,Clothing
Teen,F,HS,Clothing,Medium,Online Payment,Home Goods
Senior,M,HS,Home Goods,Low,Credit Card,Clothing
Adult,Other,Master's,Books,Low,Credit Card,Clothing
Teen,M,HS,Clothing,High,Online Payment,Electronics
Adult,M,HS,Clothing,Low,Debit Card,Clothing
Teen,F,Master's,Electronics,Low,Online Payment,Clothing
Adult,M,Bachelor's,Clothing,Medium,Credit Card,Home Goods
Adult,M,PhD,Books,Low,Online Payment,Clothing
Senior,F,Master's,Books,Medium,Credit Card,Clothing
Teen,Other,PhD,Books,Low,Debit Card,Home Goods
Middle-aged,M,PhD,Home Goods,High,Credit Card,Clothing
Senior,M,HS,Electronics,Medium,Debit Card,Electronics
Senior,F,Bachelor's,Clothing,High,Credit Card,Clothing
Middle-aged,Other,HS,Books,Medium,Online Payment,Clothing
Teen,Other,PhD,Home Goods,Medium,Credit Card,Clothing
Teen,M,HS,Books,Medium,Online Payment,Clothing
Senior,Other,Bachelor's,Home Goods,Medium,Credit Card,Books
Middle-aged,Other,Bachelor's,Electronics,Medium,Credit Card,Home Goods
Middle-aged,F,PhD,Home Goods,High,Debit Card,Home Goods
Teen,M,PhD,Clothing,Low,Debit Card,Home Goods
Adult,Other,Bachelor's,Home Goods,Medium,Online Payment,Electronics
Teen,F,HS,Clothing,High,Credit Card,Books
Senior,M,PhD,Clothing,Low,Online Payment,Clothing
Teen,M,Bachelor's,Clothing,Low,Online Payment,Clothing
Senior,M,Bachelor's,Clothing,High,Credit Card,Home Goods
Senior,F,Master's,Books,Medium,Online Payment,Books
Senior,Other,HS,Books,Medium,Credit Card,Clothing
Senior,Other,Bachelor's,Books,Medium,Credit Card,Clothing
Teen,M,Bachelor's,Electronics,Low,Online Payment,Home Goods
Adult,F,PhD,Books,Low,Credit Card,Home Goods
Senior,Other,PhD,Home Goods,Medium,Credit Card,Clothing
Senior,M,HS,Home Goods,Medium,Credit Card,Home Goods
Adult,Other,Bachelor's,Electronics,High,Credit Card,Home Goods
Teen,Other,Bachelor's,Clothing,Medium,Credit Card,Home Goods
Adult,Other,Bachelor's,Home Goods,Medium,Credit Card,Books
Adult,Other,Master's,Clothing,High,Credit Card,Electronics
Teen,M,Master's,Books,Low,Credit Card,Books
Teen,Other,HS,Electronics,Medium,Online Payment,Books
Adult,F,HS,Clothing,High,Debit Card,Home Goods
Middle-aged,Other,Bachelor's,Home Goods,High,Online Payment,Electronics
Middle-aged,M,HS,Books,Low,Debit Card,Clothing
Adult,M,PhD,Books,Medium,Online Payment,Books
Senior,F,PhD,Electronics,High,Debit Card,Home Goods
Teen,Other,Master's,Home Goods,High,Credit Card,Home Goods
Teen,M,Bachelor's,Electronics,Medium,Online Payment,Electronics
Middle-aged,M,HS,Home Goods,Low,Online Payment,Clothing
Adult,F,Bachelor's,Books,Medium,Online Payment,Clothing
Teen,F,PhD,Clothing,Low,Online Payment,Clothing
Teen,F,HS,Clothing,Low,Debit Card,Home Goods
Senior,M,Master's,Books,High,Online Payment,Home Goods
Middle-aged,M,PhD,Home Goods,Low,Debit Card,Electronics
Adult,Other,HS,Books,Low,Online Payment,Clothing
Senior,M,Master's,Home Goods,Medium,Credit Card,Books
Senior,Other,PhD,Electronics,Low,Credit Card,Clothing
Teen,M,Master's,Electronics,Low,Online Payment,Home Goods
Middle-aged,M,Master's,Books,Medium,Credit Card,Clothing
Middle-aged,F,Bachelor's,Books,Low,Online Payment,Electronics
Teen,Other,PhD,Books,High,Debit Card,Books
Middle-aged,F,HS,Home Goods,Medium,Online Payment,Electronics
Adult,M,HS,Clothing,High,Online Payment,Clothing
Adult,M,Bachelor's,Electronics,High,Online Payment,Electronics
Senior,F,PhD,Home Goods,Medium,Debit Card,Clothing
Senior,Other,HS,Home Goods,Medium,Online Payment,Books
Senior,M,HS,Books,High,Credit Card,Books
Teen,M,HS,Electronics,Medium,Debit Card,Home Goods
Middle-aged,F,Bachelor's,Clothing,High,Online Payment,Electronics
Middle-aged,Other,HS,Books,Medium,Credit Card,Home Goods
Adult,Other,HS,Electronics,High,Debit Card,Clothing
Senior,F,PhD,Electronics,High,Online Payment,Books
Adult,F,Bachelor's,Books,High,Online Payment,Clothing
Teen,F,PhD,Home Goods,Medium,Credit Card,Home Goods
Middle-aged,F,Master's,Books,High,Debit Card,Books
Middle-aged,Other,Master's,Clothing,Low,Online Payment,Home Goods
Senior,Other,Master's,Books,Low,Online Payment,Home Goods
Senior,Other,Master's,Books,Low,Debit Card,Home Goods
Middle-aged,F,PhD,Home Goods,Medium,Credit Card,Electronics
Teen,F,HS,Clothing,Medium,Debit Card,Home Goods
Adult,F,PhD,Electronics,Medium,Online Payment,Home Goods
Teen,F,HS,Home Goods,Low,Credit Card,Electronics
Middle-aged,M,PhD,Books,Medium,Credit Card,Home Goods
Senior,F,Bachelor's,Books,Medium,Online Payment,Home Goods
Teen,F,Master's,Clothing,Low,Debit Card,Books
Senior,F,Bachelor's,Home Goods,Medium,Online Payment,Books
Senior,Other,Master's,Electronics,Medium,Debit Card,Electronics
Middle-aged,F,Master's,Books,High,Online Payment,Books
Teen,Other,PhD,Books,Low,Credit Card,Books
Senior,M,Master's,Electronics,High,Debit Card,Home Goods
Senior,F,PhD,Electronics,Medium,Credit Card,Clothing
Adult,M,Master's,Clothing,High,Debit Card,Books
Middle-aged,M,Master's,Home Goods,Medium,Credit Card,Books
Adult,M,Master's,Books,High,Debit Card,Clothing
Senior,Other,HS,Home Goods,Low,Online Payment,Electronics
Adult,F,PhD,Books,High,Online Payment,Clothing
Adult,Other,PhD,Books,Low,Debit Card,Home Goods
Adult,M,HS,Books,Medium,Online Payment,Electronics
Teen,F,Bachelor's,Clothing,High,Online Payment,Books
Middle-aged,F,PhD,Electronics,Medium,Online Payment,Books
Adult,Other,PhD,Clothing,Low,Debit Card,Clothing
Senior,Other,HS,Clothing,High,Online Payment,Home Goods
Teen,M,HS,Clothing,High,Credit Card,Books
Teen,F,PhD,Home Goods,Low,Debit Card,Electronics
Adult,M,HS,Electronics,Low,Credit Card,Home Goods
Middle-aged,F,PhD,Home Goods,Low,Debit Card,Books
Adult,F,HS,Electronics,High,Online Payment,Electronics
Middle-aged,F,HS,Books,Medium,Credit Card,Home Goods
Adult,F,PhD,Books,Low,Online Payment,Home Goods
Middle-aged,Other,HS,Books,Low,Credit Card,Electronics
Adult,M,Bachelor's,Home Goods,High,Online Payment,Clothing
Teen,M,Bachelor's,Books,High,Credit Card,Books
Senior,F,Bachelor's,Electronics,Low,Credit Card,Clothing
Adult,Other,Master's,Books,Low,Online Payment,Electronics
Teen,F,Master's,Books,Low,Online Payment,Clothing
Middle-aged,Other,HS,Home Goods,High,Credit Card,Home Goods
Teen,M,Bachelor's,Electronics,Low,Credit Card,Home Goods
Adult,M,HS,Electronics,Medium,Online Payment,Clothing
Middle-aged,Other,Bachelor's,Books,High,Credit Card,Home Goods
Middle-aged,Other,Master's,Home Goods,Medium,Debit Card,Clothing
Middle-aged,F,HS,Home Goods,High,Debit Card,Books
Adult,F,HS,Home Goods,Low,Credit Card,Electronics
Teen,M,HS,Electronics,Low,Online Payment,Home Goods
Adult,F,Master's,Books,Low,Credit Card,Clothing
Adult,M,PhD,Home Goods,Medium,Credit Card,Home Goods
Adult,Other,Bachelor's,Books,High,Credit Card,Home Goods
Senior,F,PhD,Electronics,Medium,Debit Card,Books
Senior,F,PhD,Clothing,High,Credit Card,Electronics
Middle-aged,F,PhD,Home Goods,Low,Online Payment,Clothing
Adult,Other,PhD,Home Goods,Medium,Online Payment,Electronics
Teen,F,Bachelor's,Clothing,Medium,Credit Card,Clothing
Adult,M,HS,Electronics,Medium,Debit Card,Electronics
Teen,Other,PhD,Electronics,High,Online Payment,Home Goods
Adult,M,Bachelor's,Home Goods,Medium,Debit Card,Home Goods
Middle-aged,Other,Bachelor's,Electronics,High,Debit Card,Home Goods
Teen,Other,PhD,Electronics,Medium,Online Payment,Clothing
Adult,M,PhD,Books,Medium,Debit Card,Books
Teen,F,Bachelor's,Electronics,Medium,Credit Card,Clothing
Teen,F,Bachelor's,Home Goods,High,Online Payment,Home Goods
Senior,F,PhD,Books,Medium,Debit Card,Home Goods
Adult,Other,Master's,Home Goods,Medium,Debit Card,Books
Adult,Other,Bachelor's,Books,Low,Online Payment,Books
Adult,Other,PhD,Clothing,Medium,Credit Card,Clothing
Adult,Other,Master's,Electronics,High,Online Payment,Home Goods
Senior,M,Bachelor's,Electronics,High,Debit Card,Electronics
Middle-aged,F,HS,Books,Low,Debit Card,Electronics
Middle-aged,Other,Bachelor's,Books,Medium,Credit Card,Electronics
Adult,M,Master's,Electronics,High,Credit Card,Electronics
Adult,F,PhD,Electronics,Low,Credit Card,Books
Teen,Other,HS,Books,Low,Debit Card,Clothing
Adult,F,PhD,Electronics,Low,Debit Card,Electronics
Senior,Other,HS,Books,Low,Credit Card,Books
Teen,Other,PhD,Home Goods,High,Debit Card,Clothing
Middle-aged,F,Bachelor's,Home Goods,High,Credit Card,Electronics
Senior,M,Master's,Home Goods,High,Credit Card,Clothing
Senior,Other,Bachelor's,Clothing,High,Debit Card,Home Goods
Middle-aged,F,Master's,Electronics,Medium,Online Payment,Home Goods
Adult,Other,PhD,Clothing,Medium,Debit Card,Electronics
Senior,M,HS,Electronics,Low,Online Payment,Books
Senior,M,HS,Electronics,Medium,Online Payment,Home Goods
Senior,Other,HS,Home Goods,Low,Credit Card,Electronics
Senior,Other,Master's,Electronics,High,Debit Card,Electronics
Middle-aged,M,Master's,Clothing,Low,Debit Card,Books
Middle-aged,Other,HS,Clothing,Low,Online Payment,Books
Teen,F,Master's,Home Goods,Medium,Online Payment,Electronics
Teen,M,PhD,Home Goods,High,Debit Card,Home Goods
Middle-aged,Other,Bachelor's,Home Goods,High,Credit Card,Books
Senior,Other,Bachelor's,Electronics,High,Online Payment,Books
Senior,Other,PhD,Home Goods,Low,Online Payment,Clothing
Teen,F,Bachelor's,Clothing,High,Credit Card,Home Goods
Adult,F,Bachelor's,Home Goods,High,Credit Card,Clothing
Teen,F,HS,Home Goods,Medium,Debit Card,Electronics
Teen,Other,PhD,Electronics,High,Debit Card,Electronics
Teen,M,PhD,Electronics,High,Debit Card,Electronics
Senior,F,Bachelor's,Electronics,High,Credit Card,Clothing
Teen,M,PhD,Home Goods,Low,Online Payment,Electronics
Middle-aged,M,Bachelor's,Books,High,Credit Card,Books
Middle-aged,Other,Bachelor's,Clothing,Low,Debit Card,Clothing
Middle-aged,Other,Bachelor's,Clothing,Low,Credit Card,Home Goods
Senior,F,PhD,Home Goods,High,Debit Card,Clothing
Middle-aged,F,PhD,Books,Medium,Online Payment,Clothing
Senior,F,Master's,Clothing,Medium,Credit Card,Electronics
Adult,Other,PhD,Books,Medium,Credit Card,Electronics
Teen,Other,HS,Books,Medium,Credit Card,Books
Adult,Other,HS,Electronics,Medium,Debit Card,Electronics
Senior,F,HS,Electronics,Low,Online Payment,Home Goods
Teen,M,Bachelor's,Books,High,Debit Card,Books
Teen,F,Bachelor's,Electronics,Medium,Online Payment,Electronics
Middle-aged,M,Master's,Books,High,Debit Card,Electronics
Senior,Other,Master's,Clothing,Low,Credit Card,Books
Middle-aged,F,PhD,Home Goods,Medium,Debit Card,Home Goods
Senior,Other,Master's,Books,High,Online Payment,Books
Adult,F,HS,Electronics,Medium,Debit Card,Home Goods
Senior,F,HS,Home Goods,High,Credit Card,Electronics
Middle-aged,Other,HS,Clothing,Low,Debit Card,Clothing
Middle-aged,M,Bachelor's,Home Goods,Medium,Online Payment,Home Goods
Senior,Other,HS,Home Goods,Medium,Debit Card,Home Goods
Middle-aged,F,Bachelor's,Books,High,Credit Card,Electronics
Teen,F,PhD,Books,Medium,Online Payment,Electronics
Adult,Other,Master's,Books,Medium,Online Payment,Clothing
Adult,M,HS,Books,High,Credit Card,Home Goods
Teen,M,Master's,Books,Low,Online Payment,Electronics
Teen,Other,Bachelor's,Home Goods,Low,Credit Card,Books
Adult,F,Master's,Clothing,Medium,Credit Card,Home Goods
Middle-aged,M,Bachelor's,Clothing,High,Online Payment,Home Goods
Adult,M,Bachelor's,Home Goods,Medium,Online Payment,Books
Middle-aged,M,HS,Home Goods,High,Credit Card,Electronics
Teen,Other,HS,Home Goods,Medium,Online Payment,Electronics
Middle-aged,M,Bachelor's,Books,High,Debit Card,Home Goods
Teen,M,Bachelor's,Books,Medium,Online Payment,Electronics
Middle-aged,F,Master's,Electronics,High,Debit Card,Books
Senior,M,PhD,Books,Medium,Credit Card,Books
Middle-aged,Other,Master's,Clothing,Medium,Debit Card,Electronics
Teen,M,Master's,Books,Medium,Credit Card,Books
Teen,M,Bachelor's,Electronics,Medium,Credit Card,Clothing
Middle-aged,Other,Master's,Home Goods,Low,Online Payment,Electronics
Senior,F,HS,Books,High,Credit Card,Books
Adult,M,Bachelor's,Electronics,Medium,Credit Card,Electronics
Senior,M,PhD,Electronics,Medium,Online Payment,Home Goods
Senior,Other,Bachelor's,Home Goods,High,Online Payment,Clothing
Adult,Other,Master's,Books,Medium,Credit Card,Home Goods
Teen,M,PhD,Home Goods,High,Credit Card,Home Goods
Middle-aged,Other,PhD,Electronics,Medium,Online Payment,Clothing
Middle-aged,Other,HS,Home Goods,Medium,Credit Card,Electronics
Teen,F,HS,Home Goods,Medium,Online Payment,Clothing
Middle-aged,M,Bachelor's,Clothing,Low,Credit Card,Clothing
Middle-aged,F,Master's,Clothing,Low,Credit Card,Home Goods
Teen,F,PhD,Clothing,Medium,Debit Card,Clothing
Senior,M,Master's,Clothing,High,Debit Card,Home Goods
Senior,F,HS,Clothing,High,Debit Card,Clothing
Teen,Other,Bachelor's,Home Goods,Low,Debit Card,Home Goods
Senior,Other,PhD,Clothing,Low,Credit Card,Electronics
Adult,M,PhD,Electronics,Medium,Online Payment,Home Goods
Teen,F,Bachelor's,Electronics,Low,Online Payment,Electronics
Senior,M,Master's,Electronics,Medium,Online Payment,Books
Senior,F,HS,Books,Medium,Credit Card,Clothing
Adult,M,Master's,Clothing,High,Online Payment,Home Goods
Adult,F,Master's,Electronics,Low,Credit Card,Books
Middle-aged,F,HS,Home Goods,Medium,Debit Card,Clothing
Teen,M,HS,Home Goods,High,Credit Card,Clothing
Adult,F,PhD,Electronics,High,Credit Card,Books
Teen,Other,Bachelor's,Clothing,Low,Debit Card,Books
Adult,M,Master's,Clothing,Medium,Online Payment,Books
Adult,Other,HS,Home Goods,Low,Credit Card,Clothing
Teen,M,PhD,Electronics,Medium,Credit Card,Books
Teen,M,Bachelor's,Clothing,Medium,Credit Card,Clothing
Adult,F,PhD,Clothing,Medium,Credit Card,Home Goods
Senior,F,Bachelor's,Electronics,Medium,Credit Card,Clothing
Teen,F,Bachelor's,Home Goods,Low,Credit Card,Electronics
Teen,M,HS,Electronics,Medium,Credit Card,Books
Adult,Other,HS,Clothing,Low,Credit Card,Home Goods
Teen,Other,HS,Home Goods,Low,Online Payment,Clothing
Senior,Other,PhD,Electronics,High,Credit Card,Books
Senior,F,Master's,Books,High,Credit Card,Home Goods
Adult,Other,Bachelor's,Books,Medium,Online Payment,Home Goods
Teen,F,HS,Home Goods,Low,Debit Card,Clothing
Adult,Other,HS,Clothing,Medium,Credit Card,Home Goods
Teen,F,Master's,Electronics,Low,Credit Card,Home Goods
Senior,M,PhD,Clothing,High,Online Payment,Clothing
Senior,F,Bachelor's,Electronics,Medium,Debit Card,Clothing
Middle-aged,F,PhD,Electronics,Medium,Credit Card,Home Goods
Middle-aged,Other,PhD,Books,Low,Online Payment,Books
Teen,Other,Master's,Electronics,Medium,Debit Card,Home Goods
Senior,F,PhD,Clothing,Low,Debit Card,Home Goods
Adult,F,Master's,Clothing,Low,Debit Card,Electronics
Adult,F,HS,Home Goods,Low,Debit Card,Books
Senior,Other,HS,Clothing,Medium,Online Payment,Home Goods
Middle-aged,M,HS,Books,Medium,Credit Card,Electronics
Teen,Other,PhD,Clothing,Low,Online Payment,Clothing
Teen,M,PhD,Books,Low,Credit Card,Clothing
Middle-aged,Other,PhD,Clothing,Medium,Credit Card,Home Goods
Adult,M,PhD,Home Goods,Low,Online Payment,Electronics
Teen,Other,PhD,Books,Medium,Online Payment,Home Goods
Middle-aged,M,Bachelor's,Home Goods,Low,Credit Card,Clothing
Teen,F,HS,Clothing,High,Debit Card,Electronics
Senior,Other,Bachelor's,Books,High,Credit Card,Clothing
Adult,M,HS,Electronics,High,Debit Card,Books
Teen,M,PhD,Home Goods,High,Online Payment,Home Goods
Adult,M,Bachelor's,Electronics,Medium,Debit Card,Books
Senior,M,PhD,Electronics,Low,Debit Card,Electronics
Senior,Other,PhD,Books,Medium,Credit Card,Books
Teen,M,Master's,Books,Medium,Debit Card,Books
Adult,F,Bachelor's,Home Goods,High,Debit Card,Home Goods
Adult,Other,HS,Home Goods,Low,Debit Card,Books
Adult,M,Bachelor's,Home Goods,Medium,Credit Card,Electronics
Senior,Other,Master's,Clothing,High,Credit Card,Clothing
Adult,Other,Bachelor's,Electronics,Medium,Debit Card,Books
Senior,F,Master's,Home Goods,Low,Debit Card,Electronics
Teen,F,Bachelor's,Home Goods,Low,Online Payment,Books
Teen,Other,Bachelor's,Books,Low,Credit Card,Books
Adult,M,Master's,Home Goods,High,Debit Card,Home Goods
Adult,Other,Master's,Clothing,Medium,Debit Card,Home Goods
Middle-aged,M,HS,Electronics,Low,Debit Card,Clothing
Teen,F,Master's,Clothing,Low,Online Payment,Electronics
Senior,F,HS,Clothing,Low,Credit Card,Clothing
Senior,Other,HS,Books,Low,Debit Card,Home Goods
Middle-aged,Other,Bachelor's,Electronics,High,Online Payment,Electronics
Middle-aged,F,Master's,Books,Low,Online Payment,Electronics
Adult,Other,Bachelor's,Electronics,High,Debit Card,Electronics
Adult,M,HS,Clothing,High,Debit Card,Books
Adult,M,HS,Books,Medium,Debit Card,Electronics
Adult,Other,Bachelor's,Electronics,Low,Online Payment,Home Goods
Teen,Other,PhD,Home Goods,High,Credit Card,Electronics
Middle-aged,F,Master's,Home Goods,Low,Online Payment,Electronics
Senior,F,HS,Books,Medium,Debit Card,Books
Senior,F,PhD,Books,Medium,Credit Card,Home Goods
Senior,M,Master's,Home Goods,Medium,Online Payment,Books
Adult,M,PhD,Books,High,Online Payment,Books
Senior,Other,Bachelor's,Electronics,Low,Credit Card,Electronics
Adult,F,PhD,Books,Medium,Debit Card,Electronics
Teen,F,PhD,Books,Medium,Credit Card,Clothing
Middle-aged,Other,HS,Clothing,Medium,Online Payment,Home Goods
Teen,Other,Bachelor's,Clothing,High,Credit Card,Electronics
Middle-aged,M,HS,Books,Medium,Debit Card,Clothing
Adult,F,Master's,Clothing,High,Debit Card,Books
Adult,Other,Bachelor's,Books,Medium,Debit Card,Clothing
Teen,Other,PhD,Home Goods,Low,Credit Card,Home Goods
Teen,Other,PhD,Home Goods,Low,Debit Card,Home Goods
Middle-aged,Other,Master's,Books,Low,Online Payment,Electronics
Adult,Other,Master's,Home Goods,High,Debit Card,Clothing
Middle-aged,M,Master's,Clothing,High,Credit Card,Books
Middle-aged,F,Master's,Books,Low,Credit Card,Home Goods
Teen,F,PhD,Home Goods,Medium,Debit Card,Books
Middle-aged,Other,Master's,Electronics,High,Credit Card,Electronics
Adult,Other,Master's,Books,Low,Debit Card,Electronics
Adult,Other,Master's,Electronics,Low,Debit Card,Electronics
Senior,M,Master's,Home Goods,High,Online Payment,Clothing
Teen,Other,Master's,Electronics,Medium,Credit Card,Home Goods
Senior,M,HS,Electronics,High,Debit Card,Clothing
Senior,Other,HS,Electronics,Medium,Online Payment,Home Goods
Middle-aged,Other,PhD,Books,Medium,Debit Card,Electronics
Senior,F,Master's,Home Goods,Medium,Debit Card,Clothing
Teen,Other,Master's,Home Goods,High,Online Payment,Electronics
Senior,Other,Master's,Books,High,Debit Card,Electronics
Teen,M,PhD,Home Goods,Medium,Online Payment,Electronics
Middle-aged,Other,HS,Electronics,Low,Online Payment,Home Goods
Middle-aged,M,Bachelor's,Books,Medium,Debit Card,Electronics
Adult,Other,PhD,Home Goods,Low,Online Payment,Books
Adult,Other,Master's,Books,High,Online Payment,Home Goods
Teen,Other,HS,Books,High,Credit Card,Books
Middle-aged,M,PhD,Books,Medium,Online Payment,Electronics
Teen,M,Bachelor's,Books,Low,Debit Card,Electronics
Adult,Other,HS,Clothing,Low,Online Payment,Books
Teen,F,Bachelor's,Books,High,Online Payment,Books
Adult,M,PhD,Books,High,Debit Card,Clothing
Senior,M,Bachelor's,Clothing,Low,Debit Card,Clothing
Teen,Other,Bachelor's,Books,Low,Debit Card,Home Goods
Middle-aged,Other,PhD,Electronics,High,Credit Card,Books
Teen,Other,PhD,Home Goods,Low,Online Payment,Clothing
Senior,F,HS,Home Goods,Medium,Credit Card,Books
Teen,F,HS,Clothing,Medium,Credit Card,Clothing
Middle-aged,F,Bachelor's,Electronics,High,Credit Card,Electronics
Senior,M,Bachelor's,Clothing,High,Online Payment,Electronics
Senior,F,Master's,Books,High,Debit Card,Books
Senior,F,Bachelor's,Home Goods,Low,Credit Card,Clothing
Senior,F,PhD,Home Goods,Medium,Credit Card,Clothing
Middle-aged,M,HS,Books,High,Credit Card,Books
Adult,F,HS,Clothing,Low,Credit Card,Books
Senior,F,HS,Clothing,Low,Online Payment,Clothing
Adult,Other,PhD,Clothing,Low,Online Payment,Home Goods
Middle-aged,Other,Bachelor's,Home Goods,High,Debit Card,Electronics
Senior,M,Bachelor's,Clothing,Low,Online Payment,Electronics
Middle-aged,F,PhD,Clothing,High,Credit Card,Books
Teen,F,Bachelor's,Home Goods,Low,Debit Card,Home Goods
Senior,Other,PhD,Clothing,Low,Debit Card,Clothing
Teen,F,Bachelor's,Electronics,Low,Credit Card,Clothing
Teen,F,Bachelor's,Home Goods,Medium,Debit Card,Home Goods
Adult,M,HS,Clothing,Medium,Credit Card,Home Goods
Teen,Other,Master's,Electronics,High,Credit Card,Electronics
Teen,Other,PhD,Books,High,Online Payment,Electronics
Senior,M,PhD,Electronics,Medium,Debit Card,Clothing
Teen,Other,Master's,Home Goods,Medium,Online Payment,Home Goods
Adult,F,Bachelor's,Electronics,Low,Debit Card,Books
Adult,Other,HS,Books,Medium,Online Payment,Home Goods
Middle-aged,Other,Bachelor's,Clothing,Medium,Online Payment,Home Goods
Middle-aged,Other,HS,Clothing,Medium,Debit Card,Books
Adult,M,Master's,Home Goods,Medium,Debit Card,Electronics
Senior,F,PhD,Home Goods,Low,Online Payment,Electronics
Teen,Other,Master's,Electronics,High,Debit Card,Books
Teen,F,Bachelor's,Books,High,Credit Card,Clothing
Middle-aged,F,Master's,Clothing,Medium,Credit Card,Clothing
Middle-aged,Other,HS,Books,High,Debit Card,Books
Adult,M,Master's,Electronics,High,Debit Card,Electronics
Middle-aged,Other,Master's,Clothing,Low,Credit Card,Clothing
Middle-aged,Other,Master's,Electronics,Low,Online Payment,Clothing
Senior,Other,PhD,Clothing,Medium,Debit Card,Home Goods
Adult,M,Bachelor's,Clothing,High,Online Payment,Home Goods
Middle-aged,F,HS,Books,Medium,Debit Card,Clothing
Teen,M,HS,Books,Low,Online Payment,Home Goods
Senior,Other,HS,Electronics,Low,Credit Card,Clothing
Teen,M,HS,Books,Medium,Debit Card,Books
Teen,Other,Bachelor's,Books,Low,Online Payment,Clothing
Senior,M,Bachelor's,Home Goods,Low,Debit Card,Home Goods
Middle-aged,F,HS,Home Goods,High,Online Payment,Books
Middle-aged,Other,PhD,Electronics,Medium,Debit Card,Clothing
Senior,Other,Master's,Home Goods,High,Debit Card,Home Goods
Senior,M,HS,Home Goods,High,Credit Card,Home Goods
Teen,F,HS,Books,High,Debit Card,Electronics
Adult,M,PhD,Electronics,Low,Credit Card,Clothing
Adult,Other,HS,Books,Low,Credit Card,Clothing
Middle-aged,Other,HS,Books,High,Credit Card,Books
Middle-aged,F,Master's,Clothing,Medium,Online Payment,Clothing
Middle-aged,M,Master's,Clothing,High,Online Payment,Clothing
Teen,F,HS,Home Goods,High,Credit Card,Books
Adult,M,Master's,Books,Medium,Online Payment,Clothing
Adult,Other,Bachelor's,Clothing,Low,Credit Card,Clothing
Middle-aged,F,HS,Home Goods,High,Credit Card,Books
Middle-aged,F,Bachelor's,Electronics,Medium,Online Payment,Home Goods
Adult,Other,Master's,Clothing,Medium,Online Payment,Clothing
Middle-aged,Other,Bachelor's,Electronics,Medium,Debit Card,Home Goods
Teen,Other,PhD,Clothing,Medium,Online Payment,Electronics
Adult,F,Bachelor's,Home Goods,Medium,Online Payment,Clothing
Teen,M,HS,Clothing,High,Debit Card,Clothing
Teen,M,Master's,Electronics,High,Debit Card,Home Goods
Teen,Other,PhD,Electronics,Low,Debit Card,Books
Adult,F,Master's,Home Goods,High,Debit Card,Clothing
Teen,F,HS,Electronics,High,Online Payment,Clothing
Teen,Other,Master's,Books,Medium,Debit Card,Books
Adult,M,HS,Clothing,Medium,Debit Card,Electronics
Teen,Other,PhD,Books,High,Credit Card,Home Goods
Adult,F,HS,Home Goods,High,Online Payment,Clothing
Middle-aged,M,HS,Clothing,High,Debit Card,Home Goods
Senior,M,HS,Electronics,High,Online Payment,Clothing
Adult,F,Master's,Home Goods,High,Online Payment,Books
Senior,M,Master's,Books,Low,Credit Card,Clothing
Adult,F,HS,Electronics,Low,Online Payment,Home Goods
Teen,Other,Bachelor's,Home Goods,High,Credit Card,Home Goods
Senior,F,Master's,Electronics,Low,Online Payment,Clothing
Teen,M,PhD,Home Goods,Medium,Credit Card,Clothing
Senior,Other,HS,Home Goods,Medium,Credit Card,Books
Senior,F,PhD,Electronics,Medium,Online Payment,Books
Senior,F,HS,Electronics,Medium,Debit Card,Electronics
Middle-aged,Other,HS,Books,High,Online Payment,Clothing
Teen,M,Master's,Home Goods,High,Credit Card,Electronics
Adult,Other,HS,Home Goods,Low,Online Payment,Clothing
Adult,Other,Bachelor's,Home Goods,Low,Debit Card,Home Goods
Teen,Other,Master's,Books,High,Credit Card,Clothing
Teen,F,Master's,Home Goods,Medium,Debit Card,Books
Adult,F,Bachelor's,Clothing,Medium,Online Payment,Home Goods
Senior,F,Bachelor's,Clothing,High,Debit Card,Books
Teen,M,Master's,Home Goods,Medium,Online Payment,Home Goods
Senior,Other,Bachelor's,Clothing,High,Online Payment,Books
Adult,F,PhD,Electronics,High,Debit Card,Electronics
Teen,Other,PhD,Electronics,High,Credit Card,Books
Middle-aged,Other,HS,Clothing,High,Online Payment,Books
Adult,F,Bachelor's,Home Goods,High,Online Payment,Books
Teen,Other,Bachelor's,Clothing,High,Debit Card,Books
Senior,F,Bachelor's,Clothing,Low,Credit Card,Electronics
Adult,M,PhD,Home Goods,High,Credit Card,Books
Middle-aged,M,Bachelor's,Books,Low,Credit Card,Clothing
Adult,F,Bachelor's,Home Goods,Low,Credit Card,Electronics
Adult,M,Master's,Home Goods,Low,Online Payment,Home Goods
Middle-aged,M,HS,Books,Medium,Online Payment,Electronics
Middle-aged,Other,Master's,Clothing,Medium,Online Payment,Electronics
Adult,F,PhD,Books,Medium,Credit Card,Books
Middle-aged,Other,Bachelor's,Books,Low,Online Payment,Clothing
Senior,M,Master's,Clothing,High,Credit Card,Electronics
Teen,Other,Bachelor's,Clothing,Medium,Debit Card,Home Goods
Middle-aged,Other,PhD,Electronics,Low,Online Payment,Clothing
Senior,Other,HS,Books,Low,Online Payment,Electronics
Teen,M,Bachelor's,Home Goods,High,Credit Card,Books
Senior,Other,Master's,Home Goods,Low,Debit Card,Clothing
Teen,Other,PhD,Clothing,Medium,Debit Card,Clothing
Teen,Other,Bachelor's,Home Goods,High,Debit Card,Books
Middle-aged,M,Bachelor's,Books,High,Online Payment,Clothing
Middle-aged,M,Master's,Electronics,High,Debit Card,Clothing
Adult,Other,Master's,Electronics,Low,Online Payment,Clothing
Senior,F,Bachelor's,Clothing,High,Online Payment,Electronics
Middle-aged,F,HS,Electronics,Low,Debit Card,Electronics
Adult,F,PhD,Books,Low,Debit Card,Clothing
Middle-aged,F,HS,Home Goods,Low,Credit Card,Electronics
Teen,F,HS,Home Goods,High,Online Payment,Clothing
Middle-aged,Other,PhD,Clothing,Low,Credit Card,Clothing
Adult,Other,Bachelor's,Books,Low,Debit Card,Books
Adult,M,Master's,Home Goods,Low,Debit Card,Home Goods
Senior,Other,Master's,Clothing,Medium,Credit Card,Clothing
Senior,Other,Bachelor's,Clothing,Low,Debit Card,Clothing
Middle-aged,M,Bachelor's,Electronics,Medium,Credit Card,Books
Middle-aged,F,Bachelor's,Electronics,High,Debit Card,Electronics
Adult,F,PhD,Electronics,Medium,Credit Card,Clothing
Senior,Other,HS,Electronics,Low,Debit Card,Electronics
Adult,F,PhD,Clothing,Low,Credit Card,Electronics
Middle-aged,F,HS,Books,Medium,Online Payment,Books
Senior,M,PhD,Books,Medium,Debit Card,Home Goods
Middle-aged,Other,PhD,Home Goods,Low,Credit Card,Electronics
Senior,Other,Bachelor's,Electronics,High,Credit Card,Clothing
Teen,F,HS,Electronics,High,Credit Card,Books
Teen,F,Master's,Books,Low,Debit Card,Home Goods
Teen,M,Master's,Home Goods,Low,Debit Card,Home Goods
Middle-aged,M,HS,Home Goods,High,Debit Card,Home Goods
Middle-aged,M,HS,Electronics,Low,Online Payment,Electronics
Teen,F,HS,Clothing,High,Online Payment,Home Goods
Middle-aged,M,PhD,Electronics,Medium,Debit Card,Home Goods
Teen,Other,HS,Clothing,High,Online Payment,Electronics
Senior,M,Bachelor's,Books,High,Online Payment,Clothing
Teen,Other,Bachelor's,Clothing,High,Online Payment,Books
Middle-aged,Other,Master's,Home Goods,Medium,Online Payment,Clothing
Teen,M,PhD,Clothing,Low,Online Payment,Clothing
Adult,M,HS,Clothing,High,Credit Card,Electronics
Teen,M,PhD,Books,Medium,Online Payment,Books
Middle-aged,M,HS,Electronics,Medium,Debit Card,Clothing
Middle-aged,F,Bachelor's,Electronics,Low,Credit Card,Clothing
Middle-aged,F,Bachelor's,Books,Medium,Debit Card,Home Goods
Adult,M,HS,Books,Low,Credit Card,Home Goods
Adult,M,PhD,Books,Low,Debit Card,Home Goods
Adult,F,PhD,Clothing,Low,Online Payment,Home Goods
Middle-aged,F,Master's,Books,Low,Debit Card,Clothing
Senior,Other,PhD,Home Goods,Low,Debit Card,Home Goods
Senior,M,Bachelor's,Home Goods,Low,Online Payment,Electronics
Middle-aged,Other,HS,Clothing,High,Credit Card,Home Goods
Senior,Other,Bachelor's,Books,Low,Online Payment,Home Goods
Adult,M,PhD,Electronics,High,Debit Card,Clothing
Senior,M,HS,Books,Low,Credit Card,Home Goods
Senior,M,Master's,Books,High,Credit Card,Home Goods
Teen,F,PhD,Books,Medium,Debit Card,Electronics
Teen,F,Master's,Home Goods,High,Credit Card,Home Goods
Middle-aged,Other,PhD,Home Goods,High,Credit Card,Books
Senior,M,HS,Clothing,Medium,Credit Card,Home Goods
Adult,F,HS,Electronics,High,Debit Card,Clothing
Adult,M,PhD,Home Goods,Medium,Debit Card,Electronics
Middle-aged,F,Master's,Electronics,High,Credit Card,Electronics
Senior,M,Bachelor's,Clothing,Medium,Credit Card,Electronics
Senior,M,Master's,Clothing,High,Online Payment,Books
Middle-aged,M,Master's,Books,High,Online Payment,Clothing
Senior,Other,HS,Electronics,Medium,Debit Card,Books
Teen,F,Bachelor's,Clothing,Low,Credit Card,Books
Teen,F,Master's,Clothing,High,Debit Card,Books
Senior,F,Bachelor's,Home Goods,Medium,Credit Card,Clothing
Adult,Other,Bachelor's,Clothing,High,Debit Card,Home Goods
Middle-aged,M,Bachelor's,Books,Low,Debit Card,Home Goods
Middle-aged,Other,HS,Home Goods,Low,Debit Card,Books
Teen,M,Bachelor's,Home Goods,High,Debit Card,Clothing
Teen,F,Master's,Home Goods,High,Debit Card,Home Goods
Middle-aged,M,Master's,Home Goods,Low,Debit Card,Books
Middle-aged,Other,Bachelor's,Clothing,Low,Online Payment,Clothing
Adult,M,HS,Clothing,Low,Online Payment,Home Goods
Senior,Other,Master's,Electronics,Low,Online Payment,Books
Adult,M,Bachelor's,Books,Medium,Debit Card,Books
Senior,M,PhD,Clothing,Low,Debit Card,Electronics
Teen,Other,HS,Clothing,Medium,Online Payment,Home Goods
Teen,F,Bachelor's,Home Goods,Medium,Credit Card,Books
Middle-aged,M,Bachelor's,Clothing,Low,Debit Card,Home Goods
Teen,F,PhD,Home Goods,Low,Online Payment,Books
Senior,Other,Bachelor's,Books,High,Debit Card,Electronics
Teen,M,PhD,Clothing,Low,Credit Card,Clothing
Senior,F,Bachelor's,Home Goods,Low,Online Payment,Home Goods
Teen,M,PhD,Books,Low,Debit Card,Home Goods
Senior,F,PhD,Clothing,High,Debit Card,Home Goods
Senior,M,HS,Electronics,Low,Debit Card,Clothing
Teen,F,HS,Home Goods,High,Debit Card,Home Goods
Senior,F,Master's,Home Goods,High,Credit Card,Books
Teen,F,PhD,Electronics,Medium,Debit Card,Books
Teen,F,PhD,Home Goods,Medium,Online Payment,Clothing
Middle-aged,F,Master's,Books,Medium,Online Payment,Electronics
Teen,F,PhD,Clothing,Low,Debit Card,Electronics
Adult,Other,Master's,Electronics,High,Debit Card,Home Goods
Senior,Other,Bachelor's,Electronics,Medium,Debit Card,Electronics
Adult,M,HS,Electronics,High,Online Payment,Electronics
Adult,M,HS,Books,High,Online Payment,Home Goods
Teen,M,PhD,Home Goods,Medium,Debit Card,Electronics
Middle-aged,M,HS,Clothing,High,Online Payment,Electronics
Senior,Other,HS,Electronics,High,Debit Card,Books
Senior,F,Master's,Books,High,Online Payment,Clothing
Senior,Other,Master's,Home Goods,Medium,Online Payment,Books
Senior,Other,Master's,Electronics,High,Online Payment,Home Goods
Teen,Other,Bachelor's,Home Goods,Medium,Online Payment,Clothing
Middle-aged,Other,PhD,Books,High,Debit Card,Electronics
Senior,F,PhD,Home Goods,Medium,Online Payment,Home Goods
Adult,M,Bachelor's,Electronics,Medium,Online Payment,Books
Middle-aged,M,Bachelor's,Home Goods,Low,Debit Card,Electronics
Teen,Other,HS,Books,Low,Credit Card,Clothing
Adult,F,Bachelor's,Books,High,Credit Card,Clothing
Teen,Other,Bachelor's,Home Goods,High,Online Payment,Books
Adult,M,PhD,Clothing,Medium,Credit Card,Electronics
Middle-aged,M,HS,Home Goods,High,Online Payment,Clothing
Teen,Other,Bachelor's,Electronics,Medium,Debit Card,Books
Teen,Other,Master's,Electronics,Low,Online Payment,Home Goods
Senior,M,HS,Books,Low,Online Payment,Home Goods
Senior,F,Bachelor's,Books,Low,Online Payment,Home Goods
Teen,Other,PhD,Clothing,High,Debit Card,Clothing
Senior,M,HS,Books,High,Debit Card,Electronics
Middle-aged,Other,PhD,Books,Medium,Credit Card,Books
Middle-aged,M,Master's,Books,High,Credit Card,Books
Senior,M,PhD,Electronics,Low,Credit Card,Books
Teen,Other,Bachelor's,Books,High,Debit Card,Clothing
Middle-aged,F,Bachelor's,Clothing,Low,Debit Card,Home Goods
Teen,M,HS,Home Goods,Medium,Credit Card,Clothing
Middle-aged,F,Master's,Clothing,High,Credit Card,Electronics
Middle-aged,Other,Master's,Clothing,Low,Debit Card,Electronics
Adult,M,Master's,Clothing,Medium,Debit Card,Clothing
Middle-aged,M,Bachelor's,Books,Low,Online Payment,Home Goods
Adult,F,Bachelor's,Books,Low,Credit Card,Books
Adult,Other,HS,Clothing,Medium,Debit Card,Electronics
Teen,F,HS,Books,High,Online Payment,Home Goods
Senior,Other,PhD,Electronics,High,Online Payment,Electronics
Senior,Other,Master's,Books,High,Credit Card,Electronics
Teen,M,Bachelor's,Home Goods,High,Online Payment,Electronics
Teen,M,PhD,Books,Medium,Debit Card,Books
Teen,M,PhD,Electronics,High,Credit Card,Home Goods
Teen,F,HS,Electronics,Low,Credit Card,Books
Teen,Other,Master's,Clothing,Medium,Debit Card,Books
Senior,M,Bachelor's,Home Goods,High,Credit Card,Home Goods
Teen,Other,HS,Clothing,Medium,Credit Card,Electronics
Teen,F,PhD,Clothing,High,Debit Card,Clothing
Middle-aged,Other,PhD,Clothing,High,Online Payment,Clothing
Middle-aged,Other,HS,Books,Medium,Debit Card,Home Goods
Adult,F,Master's,Home Goods,Medium,Credit Card,Electronics
Senior,F,HS,Books,Low,Credit Card,Electronics
Adult,M,Master's,Books,Low,Online Payment,Electronics
Middle-aged,Other,PhD,Clothing,Low,Debit Card,Electronics
Teen,Other,Master's,Electronics,High,Online Payment,Clothing
Senior,Other,HS,Electronics,Medium,Credit Card,Clothing
Middle-aged,Other,Master's,Electronics,High,Debit Card,Electronics
Senior,Other,Master's,Clothing,High,Online Payment,Home Goods
Senior,Other,Master's,Clothing,Medium,Online Payment,Clothing
Senior,F,HS,Electronics,High,Debit Card,Home Goods
Middle-aged,Other,HS,Home Goods,Low,Online Payment,Clothing
Middle-aged,Other,Bachelor's,Home Goods,Medium,Credit Card,Electronics
Teen,M,HS,Books,Low,Credit Card,Clothing
Senior,M,Bachelor's,Books,Medium,Online Payment,Home Goods
Teen,Other,Master's,Electronics,Low,Debit Card,Clothing
Middle-aged,Other,Master's,Electronics,Medium,Credit Card,Clothing
Senior,Other,PhD,Books,Low,Credit Card,Books
Middle-aged,F,PhD,Electronics,Medium,Debit Card,Home Goods
Teen,M,PhD,Books,High,Online Payment,Clothing
Teen,Other,Master's,Books,Medium,Online Payment,Electronics
Middle-aged,F,PhD,Clothing,High,Debit Card,Electronics
Adult,F,HS,Books,Low,Online Payment,Electronics
Teen,Other,PhD,Books,Low,Online Payment,Electronics
Adult,F,PhD,Home Goods,Low,Credit Card,Home Goods
Middle-aged,M,Bachelor's,Electronics,Medium,Online Payment,Home Goods
Senior,F,Bachelor's,Clothing,Low,Online Payment,Electronics
Middle-aged,F,PhD,Home Goods,High,Online Payment,Electronics
Senior,Other,Bachelor's,Books,Low,Debit Card,Home Goods
Middle-aged,M,PhD,Books,High,Debit Card,Books
Senior,Other,Bachelor's,Clothing,Low,Credit Card,Electronics
Adult,F,HS,Books,Medium,Debit Card,Home Goods
Adult,Other,PhD,Electronics,High,Debit Card,Home Goods
Adult,F,Master's,Home Goods,High,Credit Card,Home Goods
Senior,Other,Bachelor's,Home Goods,High,Credit Card,Home Goods
Middle-aged,F,Master's,Books,Medium,Debit Card,Electronics
Middle-aged,F,Master's,Electronics,Medium,Debit Card,Clothing
Middle-aged,M,HS,Electronics,Low,Credit Card,Home Goods
Middle-aged,Other,PhD,Books,Medium,Online Payment,Clothing
Teen,M,Bachelor's,Home Goods,Medium,Debit Card,Home Goods
Adult,M,HS,Books,Medium,Credit Card,Electronics
Senior,Other,HS,Electronics,High,Credit Card,Books
Middle-aged,Other,HS,Home Goods,High,Online Payment,Electronics
Teen,M,HS,Home Goods,Medium,Debit Card,Electronics
Middle-aged,F,HS,Clothing,High,Debit Card,Home Goods
Teen,F,Master's,Home Goods,High,Online Payment,Home Goods
Senior,Other,Master's,Electronics,High,Credit Card,Home Goods
Senior,M,HS,Home Goods,High,Debit Card,Home Goods
Middle-aged,M,Bachelor's,Books,Medium,Online Payment,Books
Senior,M,PhD,Electronics,Low,Online Payment,Books
Adult,F,Master's,Home Goods,Low,Debit Card,Home Goods
Middle-aged,M,Master's,Home Goods,High,Credit Card,Clothing
Middle-aged,Other,Bachelor's,Clothing,High,Debit Card,Books
Teen,M,Master's,Electronics,High,Online Payment,Home Goods
Middle-aged,M,PhD,Electronics,High,Debit Card,Clothing
Adult,M,PhD,Home Goods,Medium,Online Payment,Home Goods
Teen,M,Master's,Clothing,High,Credit Card,Books
Senior,F,HS,Electronics,High,Credit Card,Clothing
Adult,Other,PhD,Books,Medium,Online Payment,Clothing
Adult,Other,Master's,Books,Medium,Debit Card,Clothing
Teen,Other,Bachelor's,Clothing,Low,Online Payment,Electronics
Senior,M,Bachelor's,Home Goods,High,Debit Card,Home Goods
Senior,Other,PhD,Home Goods,Low,Credit Card,Electronics
Adult,Other,Master's,Clothing,Medium,Credit Card,Clothing
Senior,M,HS,Electronics,Low,Credit Card,Books
Senior,M,Master's,Clothing,Low,Online Payment,Electronics
Senior,F,HS,Clothing,Low,Debit Card,Home Goods
Senior,Other,Master's,Electronics,Medium,Online Payment,Clothing
Adult,Other,Bachelor's,Clothing,Medium,Debit Card,Clothing
Middle-aged,Other,HS,Home Goods,Medium,Online Payment,Electronics
Teen,Other,HS,Electronics,High,Debit Card,Electronics
Teen,F,PhD,Electronics,Medium,Online Payment,Books
Senior,F,HS,Electronics,Low,Debit Card,Home Goods
Teen,Other,Master's,Electronics,Low,Credit Card,Electronics
Teen,F,Bachelor's,Books,Medium,Debit Card,Home Goods
Senior,F,Bachelor's,Books,High,Credit Card,Home Goods
Senior,M,PhD,Books,Low,Debit Card,Clothing
Middle-aged,F,HS,Electronics,High,Online Payment,Electronics
Middle-aged,M,HS,Home Goods,Medium,Debit Card,Clothing
Adult,M,HS,Electronics,Medium,Credit Card,Books
Adult,F,Bachelor's,Electronics,Low,Online Payment,Home Goods
Teen,Other,PhD,Electronics,Low,Credit Card,Electronics
Adult,F,PhD,Electronics,High,Online Payment,Clothing
Middle-aged,M,HS,Clothing,High,Credit Card,Books
Middle-aged,M,Bachelor's,Books,Medium,Credit Card,Electronics
Senior,M,Bachelor's,Clothing,High,Debit Card,Books
Middle-aged,Other,PhD,Electronics,Low,Credit Card,Electronics
Senior,F,PhD,Books,High,Online Payment,Home Goods
Senior,Other,Master's,Clothing,Low,Online Payment,Home Goods
Adult,F,Bachelor's,Books,High,Debit Card,Electronics
Adult,F,Bachelor's,Books,Medium,Debit Card,Clothing
Adult,F,Bachelor's,Books,Medium,Credit Card,Electronics
Adult,F,Bachelor's,Clothing,High,Debit Card,Books
Adult,F,Bachelor's,Clothing,High,Online Payment,Books
Adult,F,Bachelor's,Clothing,Low,Credit Card,Books
Adult,F,Bachelor's,Clothing,Low,Debit Card,Home Goods
Adult,F,Bachelor's,Clothing,Low,Online Payment,Electronics
Adult,F,Bachelor's,Clothing,Medium,Credit Card,Electronics
Adult,F,Bachelor's,Electronics,High,Credit Card,Electronics
Adult,F,Bachelor's,Electronics,High,Online Payment,Electronics
Adult,F,Bachelor's,Electronics,Medium,Credit Card,Clothing
Adult,F,Bachelor's,Electronics,Medium,Online Payment,Books
Adult,F,Bachelor's,Home Goods,Low,Debit Card,Electronics
Adult,F,Bachelor's,Home Goods,Low,Online Payment,Clothing
Adult,F,Bachelor's,Home Goods,Medium,Credit Card,Books
Adult,F,Bachelor's,Home Goods,Medium,Debit Card,Electronics
Adult,F,HS,Books,High,Credit Card,Electronics
Adult,F,HS,Books,High,Debit Card,Home Goods
Adult,F,HS,Books,High,Online Payment,Books
Adult,F,HS,Books,Low,Credit Card,Electronics
Adult,F,HS,Books,Low,Debit Card,Electronics
Adult,F,HS,Clothing,High,Credit Card,Electronics
Adult,F,HS,Clothing,Low,Debit Card,Home Goods
Adult,F,HS,Clothing,Medium,Credit Card,Books
Adult,F,HS,Clothing,Medium,Debit Card,Clothing
Adult,F,HS,Clothing,Medium,Online Payment,Home Goods
Adult,F,HS,Electronics,Low,Credit Card,Electronics
Adult,F,HS,Electronics,Low,Debit Card,Home Goods
Adult,F,HS,Electronics,Medium,Credit Card,Home Goods
Adult,F,HS,Electronics,Medium,Online Payment,Clothing
Adult,F,HS,Home Goods,Medium,Credit Card,Home Goods
Adult,F,HS,Home Goods,Medium,Debit Card,Clothing
Adult,F,HS,Home Goods,Medium,Online Payment,Home Goods
Adult,F,Master's,Books,Low,Debit Card,Books
Adult,F,Master's,Books,Low,Online Payment,Books
Adult,F,Master's,Books,Medium,Credit Card,Electronics
Adult,F,Master's,Books,Medium,Debit Card,Electronics
Adult,F,Master's,Books,Medium,Online Payment,Books
Adult,F,Master's,Clothing,High,Online Payment,Electronics
Adult,F,Master's,Clothing,Low,Online Payment,Home Goods
Adult,F,Master's,Clothing,Medium,Online Payment,Clothing
Adult,F,Master's,Clothing,Medium,Debit Card,Electronics
Adult,F,Master's,Electronics,High,Credit Card,Clothing
Adult,F,Master's,Electronics,High,Debit Card,Home Goods
Adult,F,Master's,Electronics,High,Online Payment,Electronics
Adult,F,Master's,Electronics,Low,Debit Card,Clothing
Adult,F,Master's,Electronics,Medium,Credit Card,Clothing
Adult,F,Master's,Electronics,Medium,Debit Card,Books
Adult,F,Master's,Electronics,Medium,Online Payment,Books
Adult,F,Master's,Home Goods,Medium,Online Payment,Books
Adult,F,PhD,Books,Medium,Online Payment,Home Goods
Adult,F,PhD,Books,High,Credit Card,Books
Adult,F,PhD,Books,High,Debit Card,Electronics
Adult,F,PhD,Clothing,High,Debit Card,Clothing
Adult,F,PhD,Clothing,High,Credit Card,Electronics
Adult,F,PhD,Clothing,Low,Debit Card,Clothing
Adult,F,PhD,Clothing,Medium,Debit Card,Books
Adult,F,PhD,Clothing,Medium,Online Payment,Books
Adult,F,PhD,Electronics,Medium,Debit Card,Clothing
Adult,F,PhD,Home Goods,Medium,Debit Card,Home Goods
Adult,F,PhD,Home Goods,Medium,Credit Card,Clothing
Adult,F,PhD,Home Goods,Medium,Online Payment,Electronics
Adult,F,PhD,Home Goods,High,Online Payment,Electronics
Adult,F,PhD,Home Goods,High,Debit Card,Home Goods
Adult,F,PhD,Home Goods,Low,Debit Card,Electronics
Adult,F,PhD,Home Goods,Low,Online Payment,Home Goods
Adult,M,Bachelor's,Books,Low,Online Payment,Home Goods
Adult,M,Bachelor's,Books,Low,Credit Card,Electronics
Adult,M,Bachelor's,Books,Medium,Credit Card,Electronics
Adult,M,Bachelor's,Books,High,Debit Card,Clothing
Adult,M,Bachelor's,Clothing,High,Debit Card,Books
Adult,M,Bachelor's,Clothing,High,Credit Card,Electronics
Adult,M,Bachelor's,Clothing,Low,Credit Card,Books
Adult,M,Bachelor's,Clothing,Low,Debit Card,Electronics
Adult,M,Bachelor's,Clothing,Low,Online Payment,Electronics
Adult,M,Bachelor's,Clothing,Medium,Online Payment,Electronics
Adult,M,Bachelor's,Clothing,Medium,Debit Card,Home Goods
Adult,M,Bachelor's,Electronics,High,Debit Card,Home Goods
Adult,M,Bachelor's,Electronics,High,Credit Card,Home Goods
Adult,M,Bachelor's,Electronics,Low,Credit Card,Clothing
Adult,M,Bachelor's,Electronics,Low,Debit Card,Books
Adult,M,Bachelor's,Electronics,Low,Online Payment,Books
Adult,M,Bachelor's,Home Goods,Low,Online Payment,Clothing
Adult,M,Bachelor's,Home Goods,Low,Debit Card,Electronics
Adult,M,Bachelor's,Home Goods,Low,Credit Card,Home Goods
Adult,M,Bachelor's,Home Goods,High,Credit Card,Books
Adult,M,Bachelor's,Home Goods,High,Debit Card,Electronics
Adult,M,HS,Books,High,Debit Card,Home Goods
Adult,M,HS,Books,Low,Debit Card,Electronics
Adult,M,HS,Electronics,Low,Debit Card,Clothing
Adult,M,HS,Home Goods,High,Debit Card,Home Goods
Adult,M,HS,Home Goods,High,Online Payment,Clothing
Adult,M,HS,Home Goods,Low,Online Payment,Home Goods
Adult,M,HS,Home Goods,Medium,Online Payment,Clothing
Adult,M,HS,Home Goods,Medium,Debit Card,Home Goods
Adult,M,HS,Home Goods,Medium,Credit Card,Electronics
Adult,M,Master's,Books,High,Credit Card,Electronics
Adult,M,Master's,Books,High,Online Payment,Electronics
Adult,M,Master's,Books,Low,Credit Card,Electronics
Adult,M,Master's,Books,Low,Debit Card,Home Goods
Adult,M,Master's,Books,Medium,Debit Card,Electronics
Adult,M,Master's,Clothing,Medium,Credit Card,Electronics
Adult,M,Master's,Clothing,High,Credit Card,Books
Adult,M,Master's,Clothing,Low,Credit Card,Electronics
Adult,M,Master's,Clothing,Low,Debit Card,Clothing
Adult,M,Master's,Clothing,Low,Online Payment,Books
Adult,M,Master's,Electronics,Low,Online Payment,Home Goods
Adult,M,Master's,Electronics,Low,Debit Card,Electronics
Adult,M,Master's,Electronics,Low,Credit Card,Electronics
Adult,M,Master's,Electronics,Medium,Credit Card,Books
Adult,M,Master's,Electronics,Medium,Debit Card,Clothing
Adult,M,Master's,Electronics,Medium,Online Payment,Home Goods
Adult,M,Master's,Home Goods,Medium,Online Payment,Clothing
Adult,M,Master's,Home Goods,High,Online Payment,Books
Adult,M,Master's,Home Goods,High,Credit Card,Clothing
Adult,M,Master's,Home Goods,Low,Credit Card,Books
Adult,M,PhD,Books,Medium,Credit Card,Clothing
Adult,M,PhD,Clothing,Medium,Debit Card,Books
Adult,M,PhD,Clothing,Medium,Online Payment,Books
Adult,M,PhD,Clothing,High,Online Payment,Books
Adult,M,PhD,Clothing,High,Debit Card,Home Goods
Adult,M,PhD,Clothing,High,Credit Card,Books
Adult,M,PhD,Clothing,Low,Credit Card,Clothing
Adult,M,PhD,Clothing,Low,Debit Card,Clothing
Adult,M,PhD,Clothing,Low,Online Payment,Clothing
Adult,M,PhD,Electronics,Low,Online Payment,Home Goods
Adult,M,PhD,Electronics,Low,Debit Card,Electronics
Adult,M,PhD,Electronics,High,Credit Card,Home Goods
Adult,M,PhD,Electronics,High,Online Payment,Books
Adult,M,PhD,Home Goods,High,Online Payment,Electronics
Adult,M,PhD,Home Goods,High,Debit Card,Home Goods
Adult,Other,Bachelor's,Books,High,Online Payment,Electronics
Adult,Other,Bachelor's,Clothing,High,Online Payment,Electronics
Adult,Other,Bachelor's,Clothing,Low,Online Payment,Clothing
Adult,Other,Bachelor's,Clothing,Medium,Online Payment,Clothing
Adult,Other,Bachelor's,Clothing,Medium,Credit Card,Books
Adult,Other,Bachelor's,Electronics,Medium,Credit Card,Electronics
Adult,Other,Bachelor's,Electronics,Medium,Online Payment,Electronics
Adult,Other,Bachelor's,Electronics,High,Online Payment,Home Goods
Adult,Other,Bachelor's,Home Goods,High,Online Payment,Home Goods
Adult,Other,Bachelor's,Home Goods,High,Credit Card,Clothing
Adult,Other,Bachelor's,Home Goods,High,Debit Card,Home Goods
Adult,Other,Bachelor's,Home Goods,Medium,Debit Card,Books
Adult,Other,Bachelor's,Home Goods,Low,Online Payment,Electronics
Adult,Other,HS,Books,Low,Debit Card,Clothing
Adult,Other,HS,Books,Medium,Debit Card,Books
Adult,Other,HS,Books,Medium,Credit Card,Electronics
Adult,Other,HS,Books,High,Credit Card,Electronics
Adult,Other,HS,Books,High,Debit Card,Home Goods
Adult,Other,HS,Books,High,Online Payment,Electronics
Adult,Other,HS,Clothing,High,Online Payment,Books
Adult,Other,HS,Clothing,High,Credit Card,Home Goods
Adult,Other,HS,Clothing,Low,Debit Card,Electronics
Adult,Other,HS,Clothing,Medium,Online Payment,Clothing
Adult,Other,HS,Electronics,Medium,Online Payment,Books
Adult,Other,HS,Electronics,Medium,Credit Card,Clothing
Adult,Other,HS,Electronics,High,Online Payment,Electronics
Adult,Other,HS,Electronics,Low,Online Payment,Home Goods
Adult,Other,HS,Electronics,Low,Credit Card,Books
Adult,Other,HS,Electronics,Low,Debit Card,Clothing
Adult,Other,HS,Home Goods,Medium,Debit Card,Electronics
Adult,Other,HS,Home Goods,Medium,Online Payment,Home Goods
Adult,Other,HS,Home Goods,High,Online Payment,Books
Adult,Other,HS,Home Goods,High,Credit Card,Electronics
Adult,Other,HS,Home Goods,High,Debit Card,Home Goods
Adult,Other,Master's,Clothing,High,Debit Card,Books
Adult,Other,Master's,Clothing,High,Online Payment,Electronics
Adult,Other,Master's,Clothing,Low,Online Payment,Clothing
Adult,Other,Master's,Clothing,Low,Credit Card,Books
Adult,Other,Master's,Clothing,Low,Debit Card,Electronics
Adult,Other,Master's,Electronics,Medium,Debit Card,Electronics
Adult,Other,Master's,Electronics,Medium,Credit Card,Home Goods
Adult,Other,Master's,Electronics,Medium,Online Payment,Home Goods
Adult,Other,Master's,Home Goods,Medium,Online Payment,Home Goods
Adult,Other,Master's,Home Goods,Medium,Credit Card,Books
Adult,Other,Master's,Home Goods,High,Credit Card,Clothing
Adult,Other,Master's,Home Goods,High,Online Payment,Electronics
Adult,Other,Master's,Home Goods,Low,Online Payment,Books
Adult,Other,Master's,Home Goods,Low,Credit Card,Home Goods
Adult,Other,PhD,Books,Low,Credit Card,Books
Adult,Other,PhD,Books,Low,Online Payment,Books
Adult,Other,PhD,Books,High,Online Payment,Clothing
Adult,Other,PhD,Books,High,Credit Card,Electronics
Adult,Other,PhD,Books,High,Debit Card,Clothing
Adult,Other,PhD,Clothing,High,Debit Card,Electronics
Adult,Other,PhD,Clothing,High,Credit Card,Books
Adult,Other,PhD,Clothing,High,Online Payment,Home Goods
Adult,Other,PhD,Clothing,Medium,Online Payment,Electronics
Adult,Other,PhD,Electronics,Medium,Online Payment,Home Goods
Adult,Other,PhD,Electronics,Medium,Debit Card,Clothing
Adult,Other,PhD,Electronics,Medium,Credit Card,Home Goods
Adult,Other,PhD,Electronics,High,Credit Card,Home Goods
Adult,Other,PhD,Electronics,Low,Credit Card,Clothing
Adult,Other,PhD,Electronics,Low,Debit Card,Electronics
Adult,Other,PhD,Electronics,Low,Online Payment,Electronics
Adult,Other,PhD,Home Goods,Medium,Debit Card,Home Goods
Adult,Other,PhD,Home Goods,Medium,Credit Card,Electronics
Adult,Other,PhD,Home Goods,Low,Credit Card,Clothing
Adult,Other,PhD,Home Goods,High,Credit Card,Books
Adult,Other,PhD,Home Goods,High,Debit Card,Clothing
Adult,Other,PhD,Home Goods,High,Online Payment,Clothing
Middle-aged,F,Bachelor's,Books,High,Debit Card,Clothing
Middle-aged,F,Bachelor's,Books,Low,Debit Card,Electronics
Middle-aged,F,Bachelor's,Books,Low,Credit Card,Electronics
Middle-aged,F,Bachelor's,Clothing,High,Credit Card,Home Goods
Middle-aged,F,Bachelor's,Clothing,Medium,Credit Card,Home Goods
Middle-aged,F,Bachelor's,Clothing,Medium,Debit Card,Electronics
Middle-aged,F,Bachelor's,Clothing,Medium,Online Payment,Electronics
Middle-aged,F,Bachelor's,Clothing,Low,Online Payment,Clothing
Middle-aged,F,Bachelor's,Electronics,Low,Online Payment,Clothing
Middle-aged,F,Bachelor's,Electronics,High,Online Payment,Clothing
Middle-aged,F,Bachelor's,Electronics,Medium,Credit Card,Home Goods
Middle-aged,F,Bachelor's,Electronics,Medium,Debit Card,Electronics
Middle-aged,F,Bachelor's,Home Goods,High,Debit Card,Clothing
Middle-aged,F,Bachelor's,Home Goods,Low,Debit Card,Electronics
Middle-aged,F,Bachelor's,Home Goods,Low,Credit Card,Books
Middle-aged,F,Bachelor's,Home Goods,Medium,Credit Card,Clothing
Middle-aged,F,Bachelor's,Home Goods,Medium,Debit Card,Clothing
Middle-aged,F,Bachelor's,Home Goods,Medium,Online Payment,Electronics
Middle-aged,F,HS,Books,High,Debit Card,Electronics
Middle-aged,F,HS,Books,High,Credit Card,Books
Middle-aged,F,HS,Books,Low,Credit Card,Clothing
Middle-aged,F,HS,Clothing,High,Credit Card,Clothing
Middle-aged,F,HS,Clothing,Low,Debit Card,Electronics
Middle-aged,F,HS,Clothing,Low,Credit Card,Electronics
Middle-aged,F,HS,Clothing,Low,Online Payment,Clothing
Middle-aged,F,HS,Clothing,Medium,Online Payment,Electronics
Middle-aged,F,HS,Clothing,Medium,Debit Card,Books
Middle-aged,F,HS,Clothing,Medium,Credit Card,Books
Middle-aged,F,HS,Electronics,High,Credit Card,Books
Middle-aged,F,HS,Electronics,High,Debit Card,Home Goods
Middle-aged,F,HS,Home Goods,Low,Debit Card,Electronics
Middle-aged,F,Master's,Clothing,Low,Debit Card,Electronics
Middle-aged,F,Master's,Clothing,Low,Online Payment,Electronics
Middle-aged,F,Master's,Clothing,High,Online Payment,Electronics
Middle-aged,F,Master's,Clothing,High,Debit Card,Clothing
Middle-aged,F,Master's,Electronics,High,Online Payment,Books
Middle-aged,F,Master's,Electronics,Low,Credit Card,Electronics
Middle-aged,F,Master's,Electronics,Low,Debit Card,Clothing
Middle-aged,F,Master's,Home Goods,Low,Debit Card,Books
Middle-aged,F,Master's,Home Goods,Low,Credit Card,Electronics
Middle-aged,F,Master's,Home Goods,High,Credit Card,Electronics
Middle-aged,F,Master's,Home Goods,High,Debit Card,Home Goods
Middle-aged,F,Master's,Home Goods,High,Online Payment,Books
Middle-aged,F,Master's,Home Goods,Medium,Online Payment,Electronics
Middle-aged,F,Master's,Home Goods,Medium,Debit Card,Electronics
Middle-aged,F,Master's,Home Goods,Medium,Credit Card,Electronics
Middle-aged,F,PhD,Books,Medium,Credit Card,Home Goods
Middle-aged,F,PhD,Books,High,Debit Card,Books
Middle-aged,F,PhD,Books,High,Online Payment,Clothing
Middle-aged,F,PhD,Books,Low,Credit Card,Home Goods
Middle-aged,F,PhD,Books,Low,Debit Card,Electronics
Middle-aged,F,PhD,Books,Low,Online Payment,Home Goods
Middle-aged,F,PhD,Clothing,High,Online Payment,Home Goods
Middle-aged,F,PhD,Clothing,Low,Online Payment,Clothing
Middle-aged,F,PhD,Clothing,Low,Credit Card,Home Goods
Middle-aged,F,PhD,Clothing,Low,Debit Card,Clothing
Middle-aged,F,PhD,Clothing,Medium,Debit Card,Home Goods
Middle-aged,F,PhD,Clothing,Medium,Credit Card,Books
Middle-aged,F,PhD,Clothing,Medium,Online Payment,Books
Middle-aged,F,PhD,Electronics,High,Credit Card,Electronics
Middle-aged,F,PhD,Electronics,High,Online Payment,Electronics
Middle-aged,F,PhD,Electronics,Low,Online Payment,Books
Middle-aged,F,PhD,Electronics,Low,Debit Card,Electronics
Middle-aged,M,Bachelor's,Clothing,High,Credit Card,Home Goods
Middle-aged,M,Bachelor's,Clothing,Low,Online Payment,Clothing
Middle-aged,M,Bachelor's,Clothing,Medium,Debit Card,Electronics
Middle-aged,M,Bachelor's,Electronics,Medium,Debit Card,Clothing
Middle-aged,M,Bachelor's,Electronics,High,Debit Card,Home Goods
Middle-aged,M,Bachelor's,Electronics,High,Online Payment,Electronics
Middle-aged,M,Bachelor's,Electronics,Low,Online Payment,Clothing
Middle-aged,M,Bachelor's,Electronics,Low,Debit Card,Clothing
Middle-aged,M,Bachelor's,Electronics,Low,Credit Card,Books
Middle-aged,M,Bachelor's,Home Goods,Low,Online Payment,Books
Middle-aged,M,Bachelor's,Home Goods,High,Online Payment,Books
Middle-aged,M,Bachelor's,Home Goods,High,Debit Card,Home Goods
Middle-aged,M,Bachelor's,Home Goods,Medium,Debit Card,Books
Middle-aged,M,Bachelor's,Home Goods,Medium,Credit Card,Electronics
Middle-aged,M,HS,Books,High,Online Payment,Clothing
Middle-aged,M,HS,Books,Low,Online Payment,Electronics
Middle-aged,M,HS,Books,Low,Credit Card,Clothing
Middle-aged,M,HS,Clothing,Low,Debit Card,Books
Middle-aged,M,HS,Clothing,Low,Credit Card,Books
Middle-aged,M,HS,Clothing,Medium,Credit Card,Clothing
Middle-aged,M,HS,Clothing,Medium,Debit Card,Home Goods
Middle-aged,M,HS,Clothing,Medium,Online Payment,Clothing
Middle-aged,M,HS,Electronics,Medium,Online Payment,Electronics
Middle-aged,M,HS,Electronics,Medium,Credit Card,Electronics
Middle-aged,M,HS,Home Goods,Medium,Credit Card,Home Goods
Middle-aged,M,HS,Home Goods,Low,Credit Card,Electronics
Middle-aged,M,Master's,Books,Low,Credit Card,Home Goods
Middle-aged,M,Master's,Books,Low,Debit Card,Home Goods
Middle-aged,M,Master's,Clothing,High,Debit Card,Electronics
Middle-aged,M,Master's,Clothing,Low,Credit Card,Electronics
Middle-aged,M,Master's,Clothing,Low,Online Payment,Clothing
Middle-aged,M,Master's,Clothing,Medium,Online Payment,Books
Middle-aged,M,Master's,Clothing,Medium,Debit Card,Electronics
Middle-aged,M,Master's,Clothing,Medium,Credit Card,Books
Middle-aged,M,Master's,Electronics,High,Online Payment,Electronics
Middle-aged,M,Master's,Electronics,Low,Online Payment,Electronics
Middle-aged,M,Master's,Electronics,Low,Credit Card,Electronics
Middle-aged,M,Master's,Electronics,Low,Debit Card,Home Goods
Middle-aged,M,Master's,Electronics,Medium,Debit Card,Home Goods
Middle-aged,M,Master's,Electronics,Medium,Credit Card,Home Goods
Middle-aged,M,Master's,Electronics,Medium,Online Payment,Clothing
Middle-aged,M,Master's,Home Goods,High,Online Payment,Books
Middle-aged,M,Master's,Home Goods,High,Debit Card,Books
Middle-aged,M,Master's,Home Goods,Medium,Debit Card,Clothing
Middle-aged,M,Master's,Home Goods,Medium,Online Payment,Electronics
Middle-aged,M,Master's,Home Goods,Low,Online Payment,Home Goods
Middle-aged,M,Master's,Home Goods,Low,Credit Card,Books
Middle-aged,M,PhD,Books,High,Online Payment,Electronics
Middle-aged,M,PhD,Books,Medium,Debit Card,Home Goods
Middle-aged,M,PhD,Books,Low,Debit Card,Electronics
Middle-aged,M,PhD,Books,Low,Credit Card,Clothing
Middle-aged,M,PhD,Books,Low,Online Payment,Home Goods
Middle-aged,M,PhD,Clothing,High,Online Payment,Clothing
Middle-aged,M,PhD,Clothing,High,Debit Card,Home Goods
Middle-aged,M,PhD,Clothing,Medium,Debit Card,Clothing
Middle-aged,M,PhD,Clothing,Medium,Online Payment,Home Goods
Middle-aged,M,PhD,Clothing,Low,Online Payment,Electronics
Middle-aged,M,PhD,Clothing,Low,Debit Card,Electronics
Middle-aged,M,PhD,Clothing,Low,Credit Card,Electronics
Middle-aged,M,PhD,Electronics,Low,Online Payment,Electronics
Middle-aged,M,PhD,Electronics,Low,Debit Card,Home Goods
Middle-aged,M,PhD,Electronics,Low,Credit Card,Electronics
Middle-aged,M,PhD,Home Goods,High,Debit Card,Electronics
Middle-aged,M,PhD,Home Goods,High,Online Payment,Books
Middle-aged,M,PhD,Home Goods,Low,Online Payment,Electronics
Middle-aged,M,PhD,Home Goods,Medium,Online Payment,Clothing
Middle-aged,M,PhD,Home Goods,Medium,Debit Card,Books
Middle-aged,M,PhD,Home Goods,Medium,Credit Card,Home Goods
Middle-aged,Other,Bachelor's,Books,Low,Credit Card,Electronics
Middle-aged,Other,Bachelor's,Clothing,High,Credit Card,Electronics
Middle-aged,Other,Bachelor's,Clothing,High,Online Payment,Books
Middle-aged,Other,Bachelor's,Electronics,Medium,Online Payment,Clothing
Middle-aged,Other,Bachelor's,Electronics,Low,Online Payment,Home Goods
Middle-aged,Other,Bachelor's,Electronics,Low,Credit Card,Clothing
Middle-aged,Other,Bachelor's,Electronics,Low,Debit Card,Books
Middle-aged,Other,HS,Electronics,Medium,Credit Card,Clothing
Middle-aged,Other,HS,Electronics,Medium,Debit Card,Books
Middle-aged,Other,HS,Electronics,Low,Credit Card,Clothing
Middle-aged,Other,HS,Electronics,High,Credit Card,Books
Middle-aged,Other,HS,Electronics,High,Debit Card,Books
Middle-aged,Other,HS,Electronics,High,Online Payment,Books
Middle-aged,Other,Master's,Books,High,Credit Card,Home Goods
Middle-aged,Other,Master's,Books,High,Debit Card,Books
Middle-aged,Other,Master's,Books,High,Online Payment,Clothing
Middle-aged,Other,Master's,Books,Medium,Credit Card,Clothing
Middle-aged,Other,Master's,Books,Medium,Debit Card,Clothing
Middle-aged,Other,Master's,Books,Medium,Online Payment,Home Goods
Middle-aged,Other,Master's,Books,Low,Credit Card,Electronics
Middle-aged,Other,Master's,Clothing,High,Debit Card,Home Goods
Middle-aged,Other,Master's,Clothing,High,Online Payment,Books
Middle-aged,Other,Master's,Clothing,High,Credit Card,Electronics
Middle-aged,Other,Master's,Electronics,High,Online Payment,Home Goods
Middle-aged,Other,Master's,Electronics,Medium,Online Payment,Electronics
Middle-aged,Other,Master's,Electronics,Low,Credit Card,Electronics
Middle-aged,Other,Master's,Electronics,Low,Debit Card,Clothing
Middle-aged,Other,Master's,Home Goods,High,Credit Card,Clothing
Middle-aged,Other,Master's,Home Goods,High,Debit Card,Books
Middle-aged,Other,Master's,Home Goods,Low,Credit Card,Electronics
Middle-aged,Other,Master's,Home Goods,Low,Debit Card,Electronics
Middle-aged,Other,PhD,Books,Low,Credit Card,Home Goods
Middle-aged,Other,PhD,Books,Low,Debit Card,Home Goods
Middle-aged,Other,PhD,Books,High,Credit Card,Clothing
Middle-aged,Other,PhD,Books,High,Online Payment,Home Goods
Middle-aged,Other,PhD,Clothing,High,Credit Card,Books
Middle-aged,Other,PhD,Clothing,High,Debit Card,Electronics
Middle-aged,Other,PhD,Clothing,Medium,Debit Card,Clothing
Middle-aged,Other,PhD,Clothing,Medium,Online Payment,Books
Middle-aged,Other,PhD,Clothing,Low,Online Payment,Electronics
Middle-aged,Other,PhD,Electronics,Low,Debit Card,Electronics
Middle-aged,Other,PhD,Home Goods,High,Debit Card,Home Goods
Middle-aged,Other,PhD,Home Goods,High,Online Payment,Electronics
Middle-aged,Other,PhD,Home Goods,Low,Debit Card,Books
Middle-aged,Other,PhD,Home Goods,Low,Online Payment,Home Goods
Middle-aged,Other,PhD,Home Goods,Medium,Debit Card,Electronics
Middle-aged,Other,PhD,Home Goods,Medium,Online Payment,Clothing
Middle-aged,Other,PhD,Home Goods,Medium,Credit Card,Books
Teen,F,Bachelor's,Books,Medium,Online Payment,Clothing
Teen,F,Bachelor's,Books,Medium,Credit Card,Electronics
Teen,F,Bachelor's,Books,Low,Debit Card,Home Goods
Teen,F,Bachelor's,Clothing,Medium,Debit Card,Books
Teen,F,Bachelor's,Clothing,Medium,Online Payment,Clothing
Teen,F,HS,Books,Low,Debit Card,Electronics
Teen,F,HS,Clothing,Low,Credit Card,Home Goods
Teen,F,HS,Clothing,Low,Online Payment,Books
Teen,F,HS,Electronics,Low,Debit Card,Electronics
Teen,F,HS,Electronics,Low,Online Payment,Home Goods
Teen,F,HS,Electronics,Medium,Debit Card,Books
Teen,F,HS,Electronics,Medium,Credit Card,Electronics
Teen,F,HS,Electronics,Medium,Online Payment,Clothing
Teen,F,HS,Home Goods,Low,Online Payment,Books
Teen,F,Master's,Books,Medium,Online Payment,Electronics
Teen,F,Master's,Books,Medium,Debit Card,Electronics
Teen,F,Master's,Books,Low,Credit Card,Home Goods
Teen,F,Master's,Books,High,Online Payment,Home Goods
Teen,F,Master's,Books,High,Debit Card,Home Goods
Teen,F,Master's,Books,High,Credit Card,Books
Teen,F,Master's,Clothing,Medium,Online Payment,Clothing
Teen,F,Master's,Clothing,Medium,Debit Card,Electronics
Teen,F,Master's,Clothing,Medium,Credit Card,Books
Teen,F,Master's,Clothing,High,Credit Card,Home Goods
Teen,F,Master's,Clothing,Low,Credit Card,Books
Teen,F,Master's,Electronics,Low,Debit Card,Books
Teen,F,Master's,Electronics,Medium,Credit Card,Clothing
Teen,F,Master's,Electronics,Medium,Online Payment,Electronics
Teen,F,Master's,Electronics,High,Debit Card,Clothing
Teen,F,Master's,Electronics,High,Credit Card,Electronics
Teen,F,Master's,Electronics,High,Online Payment,Books
Teen,F,Master's,Home Goods,Low,Debit Card,Home Goods
Teen,F,Master's,Home Goods,Low,Credit Card,Electronics
Teen,F,Master's,Home Goods,Low,Online Payment,Home Goods
Teen,F,PhD,Books,High,Debit Card,Clothing
Teen,F,PhD,Books,High,Credit Card,Home Goods
Teen,F,PhD,Books,High,Online Payment,Home Goods
Teen,F,PhD,Books,Low,Debit Card,Clothing
Teen,F,PhD,Books,Low,Credit Card,Electronics
Teen,F,PhD,Books,Medium,Online Payment,Electronics
Teen,F,PhD,Clothing,Medium,Online Payment,Home Goods
Teen,F,PhD,Clothing,Medium,Credit Card,Electronics
Teen,F,PhD,Electronics,Medium,Credit Card,Clothing
Teen,F,PhD,Electronics,High,Credit Card,Books
Teen,F,PhD,Electronics,High,Debit Card,Clothing
Teen,F,PhD,Electronics,High,Online Payment,Clothing
Teen,F,PhD,Electronics,Low,Credit Card,Clothing
Teen,F,PhD,Electronics,Low,Debit Card,Electronics
Teen,F,PhD,Electronics,Low,Online Payment,Electronics
Teen,F,PhD,Home Goods,High,Credit Card,Home Goods
Teen,F,PhD,Home Goods,High,Debit Card,Home Goods
Teen,F,PhD,Home Goods,High,Online Payment,Electronics
Teen,M,Bachelor's,Books,Medium,Debit Card,Electronics
Teen,M,Bachelor's,Books,Medium,Credit Card,Clothing
Teen,M,Bachelor's,Books,Low,Credit Card,Clothing
Teen,M,Bachelor's,Books,Low,Online Payment,Clothing
Teen,M,Bachelor's,Clothing,High,Debit Card,Home Goods
Teen,M,Bachelor's,Clothing,Medium,Debit Card,Electronics
Teen,M,Bachelor's,Clothing,Low,Debit Card,Clothing
Teen,M,Bachelor's,Clothing,Low,Credit Card,Electronics
Teen,M,Bachelor's,Electronics,Medium,Debit Card,Books
Teen,M,Bachelor's,Electronics,High,Credit Card,Clothing
Teen,M,Bachelor's,Electronics,High,Debit Card,Clothing
Teen,M,Bachelor's,Electronics,High,Online Payment,Electronics
Teen,M,Bachelor's,Home Goods,Low,Credit Card,Electronics
Teen,M,Bachelor's,Home Goods,Low,Debit Card,Books
Teen,M,Bachelor's,Home Goods,Low,Online Payment,Clothing
Teen,M,Bachelor's,Home Goods,Medium,Credit Card,Clothing
Teen,M,HS,Books,Medium,Credit Card,Electronics
Teen,M,HS,Books,High,Credit Card,Electronics
Teen,M,HS,Books,High,Debit Card,Clothing
Teen,M,HS,Books,High,Online Payment,Electronics
Teen,M,HS,Clothing,Low,Credit Card,Books
Teen,M,HS,Clothing,Low,Debit Card,Books
Teen,M,HS,Clothing,Low,Online Payment,Books
Teen,M,HS,Clothing,Medium,Online Payment,Home Goods
Teen,M,HS,Electronics,High,Debit Card,Electronics
Teen,M,HS,Electronics,High,Online Payment,Electronics
Teen,M,HS,Electronics,Low,Credit Card,Electronics
Teen,M,HS,Electronics,Low,Debit Card,Electronics
Teen,M,HS,Home Goods,Low,Online Payment,Clothing
Teen,M,HS,Home Goods,Low,Credit Card,Books
Teen,M,HS,Home Goods,Low,Debit Card,Electronics
Teen,M,HS,Home Goods,Medium,Online Payment,Clothing
Teen,M,HS,Home Goods,High,Credit Card,Books
Teen,M,HS,Home Goods,High,Online Payment,Electronics
Teen,M,Master's,Books,Medium,Online Payment,Electronics
Teen,M,Master's,Books,Low,Debit Card,Home Goods
Teen,M,Master's,Books,High,Debit Card,Books
Teen,M,Master's,Books,High,Credit Card,Electronics
Teen,M,Master's,Clothing,Low,Credit Card,Electronics
Teen,M,Master's,Clothing,Medium,Debit Card,Electronics
Teen,M,Master's,Clothing,Medium,Online Payment,Home Goods
Teen,M,Master's,Electronics,High,Credit Card,Books
Teen,M,Master's,Electronics,Medium,Debit Card,Clothing
Teen,M,Master's,Electronics,Medium,Online Payment,Home Goods
Teen,M,Master's,Electronics,Medium,Credit Card,Electronics
Teen,M,Master's,Home Goods,High,Debit Card,Home Goods
Teen,M,Master's,Home Goods,High,Online Payment,Home Goods
Teen,M,Master's,Home Goods,Low,Online Payment,Clothing
Teen,M,Master's,Home Goods,Medium,Credit Card,Home Goods
Teen,M,Master's,Home Goods,Medium,Debit Card,Clothing
Teen,M,PhD,Books,High,Credit Card,Home Goods
Teen,M,PhD,Books,High,Debit Card,Books
Teen,M,PhD,Books,Medium,Credit Card,Books
Teen,M,PhD,Clothing,Medium,Credit Card,Electronics
Teen,M,PhD,Clothing,Medium,Debit Card,Electronics
Teen,M,PhD,Clothing,Medium,Online Payment,Books
Teen,M,PhD,Clothing,High,Credit Card,Electronics
Teen,M,PhD,Clothing,High,Debit Card,Home Goods
Teen,M,PhD,Clothing,High,Online Payment,Clothing
Teen,M,PhD,Electronics,Low,Credit Card,Electronics
Teen,M,PhD,Electronics,Low,Debit Card,Clothing
Teen,M,PhD,Electronics,High,Online Payment,Home Goods
Teen,M,PhD,Electronics,Medium,Debit Card,Electronics
Teen,M,PhD,Electronics,Medium,Online Payment,Clothing
Teen,Other,Bachelor's,Books,High,Credit Card,Clothing
Teen,Other,Bachelor's,Books,High,Online Payment,Books
Teen,Other,Bachelor's,Books,Medium,Credit Card,Books
Teen,Other,Bachelor's,Books,Medium,Online Payment,Books
Teen,Other,Bachelor's,Books,Medium,Debit Card,Home Goods
Teen,Other,Bachelor's,Clothing,Medium,Online Payment,Books
Teen,Other,Bachelor's,Electronics,High,Credit Card,Electronics
Teen,Other,Bachelor's,Electronics,High,Online Payment,Clothing
Teen,Other,Bachelor's,Electronics,Low,Credit Card,Electronics
Teen,Other,Bachelor's,Electronics,Low,Online Payment,Clothing
Teen,Other,Bachelor's,Home Goods,Medium,Credit Card,Books
Teen,Other,Bachelor's,Home Goods,Medium,Debit Card,Books
Teen,Other,HS,Books,Medium,Debit Card,Clothing
Teen,Other,HS,Books,Medium,Online Payment,Home Goods
Teen,Other,HS,Books,High,Debit Card,Clothing
Teen,Other,HS,Books,High,Online Payment,Electronics
Teen,Other,HS,Books,Low,Online Payment,Electronics
Teen,Other,HS,Clothing,Low,Debit Card,Home Goods
Teen,Other,HS,Clothing,Low,Online Payment,Electronics
Teen,Other,HS,Electronics,Low,Debit Card,Home Goods
Teen,Other,HS,Electronics,Low,Credit Card,Home Goods
Teen,Other,HS,Electronics,Medium,Debit Card,Electronics
Teen,Other,HS,Electronics,Medium,Credit Card,Electronics
Teen,Other,HS,Electronics,High,Credit Card,Clothing
Teen,Other,HS,Electronics,High,Online Payment,Books
Teen,Other,HS,Home Goods,High,Online Payment,Electronics
Teen,Other,HS,Home Goods,Medium,Credit Card,Books
Teen,Other,HS,Home Goods,Low,Credit Card,Electronics
Teen,Other,HS,Home Goods,Low,Debit Card,Electronics
Teen,Other,Master's,Books,Low,Debit Card,Electronics
Teen,Other,Master's,Books,Low,Online Payment,Home Goods
Teen,Other,Master's,Clothing,Medium,Credit Card,Home Goods
Teen,Other,Master's,Clothing,Medium,Online Payment,Home Goods
Teen,Other,Master's,Clothing,Low,Credit Card,Clothing
Teen,Other,Master's,Clothing,Low,Debit Card,Books
Teen,Other,Master's,Clothing,High,Online Payment,Books
Teen,Other,Master's,Clothing,High,Credit Card,Clothing
Teen,Other,Master's,Clothing,High,Debit Card,Electronics
Teen,Other,Master's,Home Goods,Low,Online Payment,Home Goods
Teen,Other,Master's,Home Goods,Low,Credit Card,Books
Teen,Other,Master's,Home Goods,Low,Debit Card,Electronics
Teen,Other,Master's,Home Goods,Medium,Credit Card,Home Goods
Teen,Other,Master's,Home Goods,Medium,Debit Card,Electronics
Teen,Other,PhD,Clothing,High,Credit Card,Clothing
Teen,Other,PhD,Clothing,High,Online Payment,Home Goods
Teen,Other,PhD,Clothing,Low,Credit Card,Clothing
Teen,Other,PhD,Clothing,Medium,Credit Card,Home Goods
Senior,F,Bachelor's,Books,High,Debit Card,Clothing
Senior,F,Bachelor's,Books,High,Online Payment,Home Goods
Senior,F,Bachelor's,Books,Low,Credit Card,Electronics
Senior,F,Bachelor's,Books,Low,Debit Card,Electronics
Senior,F,Bachelor's,Books,Medium,Credit Card,Electronics
Senior,F,Bachelor's,Books,Medium,Debit Card,Electronics
Senior,F,Bachelor's,Clothing,Medium,Credit Card,Home Goods
Senior,F,Bachelor's,Clothing,Medium,Debit Card,Electronics
Senior,F,Bachelor's,Clothing,Medium,Online Payment,Electronics
Senior,F,Bachelor's,Electronics,High,Debit Card,Books
Senior,F,Bachelor's,Electronics,High,Online Payment,Electronics
Senior,F,Bachelor's,Electronics,Low,Debit Card,Clothing
Senior,F,Bachelor's,Electronics,Low,Online Payment,Books
Senior,F,Bachelor's,Electronics,Medium,Online Payment,Home Goods
Senior,F,Bachelor's,Home Goods,Low,Debit Card,Electronics
Senior,F,Bachelor's,Home Goods,Medium,Debit Card,Electronics
Senior,F,Bachelor's,Home Goods,High,Credit Card,Books
Senior,F,Bachelor's,Home Goods,High,Debit Card,Clothing
Senior,F,Bachelor's,Home Goods,High,Online Payment,Home Goods
Senior,F,HS,Books,Low,Debit Card,Clothing
Senior,F,HS,Books,Medium,Online Payment,Books
Senior,F,HS,Books,High,Debit Card,Clothing
Senior,F,HS,Books,High,Online Payment,Books
Senior,F,HS,Clothing,High,Online Payment,Clothing
Senior,F,HS,Clothing,High,Credit Card,Books
Senior,F,HS,Clothing,Medium,Online Payment,Books
Senior,F,HS,Clothing,Medium,Credit Card,Books
Senior,F,HS,Clothing,Medium,Debit Card,Home Goods
Senior,F,HS,Electronics,Medium,Credit Card,Books
Senior,F,HS,Electronics,Medium,Online Payment,Clothing
Senior,F,HS,Electronics,High,Online Payment,Clothing
Senior,F,HS,Home Goods,Medium,Debit Card,Clothing
Senior,F,HS,Home Goods,High,Debit Card,Home Goods
Senior,F,HS,Home Goods,Low,Credit Card,Electronics
Senior,F,HS,Home Goods,Low,Debit Card,Home Goods
Senior,F,HS,Home Goods,Low,Online Payment,Books
Senior,F,Master's,Books,Low,Credit Card,Electronics
Senior,F,Master's,Books,Low,Debit Card,Home Goods
Senior,F,Master's,Books,Low,Online Payment,Electronics
Senior,F,Master's,Clothing,High,Credit Card,Electronics
Senior,F,Master's,Clothing,High,Debit Card,Clothing
Senior,F,Master's,Clothing,High,Online Payment,Clothing
Senior,F,Master's,Clothing,Low,Debit Card,Books
Senior,F,Master's,Clothing,Low,Online Payment,Electronics
Senior,F,Master's,Clothing,Medium,Debit Card,Electronics
Senior,F,Master's,Clothing,Medium,Online Payment,Home Goods
Senior,F,Master's,Electronics,Low,Credit Card,Home Goods
Senior,F,Master's,Electronics,High,Debit Card,Clothing
Senior,F,Master's,Electronics,High,Online Payment,Home Goods
Senior,F,Master's,Electronics,High,Credit Card,Books
Senior,F,Master's,Electronics,Medium,Debit Card,Electronics
Senior,F,Master's,Electronics,Medium,Online Payment,Clothing
Senior,F,Master's,Electronics,Medium,Credit Card,Books
Senior,F,Master's,Home Goods,High,Online Payment,Electronics
Senior,F,Master's,Home Goods,Low,Online Payment,Electronics
Senior,F,Master's,Home Goods,Medium,Online Payment,Home Goods
Senior,F,PhD,Books,High,Credit Card,Electronics
Senior,F,PhD,Books,High,Debit Card,Books
Senior,F,PhD,Clothing,Low,Credit Card,Home Goods
Senior,F,PhD,Clothing,Low,Online Payment,Electronics
Senior,F,PhD,Electronics,Low,Debit Card,Clothing
Senior,F,PhD,Electronics,Low,Credit Card,Books
Senior,F,PhD,Electronics,Low,Online Payment,Clothing
Senior,F,PhD,Home Goods,Low,Credit Card,Electronics
Senior,F,PhD,Home Goods,Low,Debit Card,Home Goods
Senior,M,Bachelor's,Books,Low,Online Payment,Books
Senior,M,Bachelor's,Books,Low,Credit Card,Clothing
Senior,M,Bachelor's,Books,Low,Debit Card,Electronics
Senior,M,Bachelor's,Books,Medium,Credit Card,Home Goods
Senior,M,Bachelor's,Books,Medium,Debit Card,Books
Senior,M,Bachelor's,Clothing,Medium,Debit Card,Electronics
Senior,M,Bachelor's,Clothing,Medium,Online Payment,Home Goods
Senior,M,Bachelor's,Electronics,Low,Credit Card,Books
Senior,M,Bachelor's,Electronics,Low,Debit Card,Electronics
Senior,M,Bachelor's,Electronics,High,Credit Card,Clothing
Senior,M,Bachelor's,Electronics,High,Online Payment,Books
Senior,M,Bachelor's,Electronics,Medium,Debit Card,Electronics
Senior,M,Bachelor's,Electronics,Medium,Credit Card,Electronics
Senior,M,Bachelor's,Electronics,Medium,Online Payment,Home Goods
Senior,M,Bachelor's,Home Goods,Medium,Credit Card,Home Goods
Senior,M,Bachelor's,Home Goods,Medium,Debit Card,Home Goods
Senior,M,HS,Books,Medium,Debit Card,Books
Senior,M,HS,Books,Low,Debit Card,Clothing
Senior,M,HS,Books,High,Online Payment,Electronics
Senior,M,HS,Clothing,Medium,Debit Card,Books
Senior,M,HS,Clothing,Medium,Online Payment,Home Goods
Senior,M,HS,Clothing,High,Credit Card,Books
Senior,M,HS,Clothing,High,Debit Card,Books
Senior,M,HS,Clothing,High,Online Payment,Clothing
Senior,M,HS,Clothing,Low,Credit Card,Electronics
Senior,M,HS,Clothing,Low,Debit Card,Clothing
Senior,M,HS,Clothing,Low,Online Payment,Electronics
Senior,M,HS,Electronics,Medium,Credit Card,Books
Senior,M,HS,Home Goods,High,Online Payment,Home Goods
Senior,M,Master's,Books,High,Debit Card,Electronics
Senior,M,Master's,Books,Medium,Credit Card,Home Goods
Senior,M,Master's,Books,Medium,Online Payment,Clothing
Senior,M,Master's,Books,Medium,Debit Card,Home Goods
Senior,M,Master's,Books,Low,Online Payment,Home Goods
Senior,M,Master's,Books,Low,Debit Card,Clothing
Senior,M,Master's,Clothing,Low,Credit Card,Electronics
Senior,M,Master's,Clothing,Medium,Online Payment,Electronics
Senior,M,Master's,Clothing,Medium,Debit Card,Home Goods
Senior,M,Master's,Clothing,Medium,Credit Card,Electronics
Senior,M,Master's,Electronics,Low,Online Payment,Clothing
Senior,M,Master's,Electronics,Low,Debit Card,Books
Senior,M,Master's,Electronics,Low,Credit Card,Clothing
Senior,M,Master's,Electronics,High,Online Payment,Clothing
Senior,M,Master's,Electronics,Medium,Debit Card,Clothing
Senior,M,Master's,Electronics,High,Credit Card,Electronics
Senior,M,Master's,Home Goods,Medium,Debit Card,Electronics
Senior,M,PhD,Books,Medium,Online Payment,Home Goods
Senior,M,PhD,Books,High,Credit Card,Home Goods
Senior,M,PhD,Books,High,Debit Card,Electronics
Senior,M,PhD,Books,High,Online Payment,Electronics
Senior,M,PhD,Books,Low,Online Payment,Clothing
Senior,M,PhD,Clothing,High,Credit Card,Clothing
Senior,M,PhD,Clothing,High,Debit Card,Clothing
Senior,M,PhD,Clothing,Medium,Online Payment,Home Goods
Senior,M,PhD,Clothing,Medium,Credit Card,Electronics
Senior,M,PhD,Clothing,Medium,Debit Card,Clothing
Senior,M,PhD,Clothing,Low,Credit Card,Electronics
Senior,M,PhD,Electronics,High,Debit Card,Books
Senior,M,PhD,Electronics,High,Credit Card,Clothing
Senior,M,PhD,Electronics,High,Online Payment,Clothing
Senior,M,PhD,Home Goods,High,Debit Card,Electronics
Senior,M,PhD,Home Goods,High,Credit Card,Electronics
Senior,M,PhD,Home Goods,High,Online Payment,Books
Senior,M,PhD,Home Goods,Medium,Debit Card,Clothing
Senior,M,PhD,Home Goods,Medium,Credit Card,Clothing
Senior,M,PhD,Home Goods,Medium,Online Payment,Electronics
Senior,M,PhD,Home Goods,Low,Debit Card,Electronics
Senior,Other,Bachelor's,Books,Medium,Online Payment,Home Goods
Senior,Other,Bachelor's,Books,Medium,Debit Card,Books
Senior,Other,Bachelor's,Books,Low,Credit Card,Electronics
Senior,Other,Bachelor's,Books,High,Online Payment,Home Goods
Senior,Other,Bachelor's,Clothing,Medium,Debit Card,Books
Senior,Other,Bachelor's,Clothing,Medium,Credit Card,Electronics
Senior,Other,Bachelor's,Clothing,Medium,Online Payment,Clothing
Senior,Other,Bachelor's,Clothing,High,Credit Card,Books
Senior,Other,Bachelor's,Electronics,High,Debit Card,Electronics
Senior,Other,Bachelor's,Electronics,Low,Debit Card,Electronics
Senior,Other,Bachelor's,Electronics,Low,Online Payment,Home Goods
Senior,Other,Bachelor's,Electronics,Medium,Credit Card,Home Goods
Senior,Other,Bachelor's,Home Goods,Low,Debit Card,Home Goods
Senior,Other,Bachelor's,Home Goods,Low,Online Payment,Books
Senior,Other,Bachelor's,Home Goods,Low,Credit Card,Clothing
Senior,Other,Bachelor's,Home Goods,Medium,Debit Card,Electronics
Senior,Other,Bachelor's,Home Goods,Medium,Online Payment,Books
Senior,Other,Bachelor's,Home Goods,High,Debit Card,Home Goods
Senior,Other,HS,Books,Medium,Online Payment,Books
Senior,Other,HS,Books,Medium,Debit Card,Books
Senior,Other,HS,Clothing,High,Credit Card,Clothing
Senior,Other,HS,Clothing,High,Debit Card,Electronics
Senior,Other,HS,Clothing,Low,Credit Card,Clothing
Senior,Other,HS,Clothing,Low,Debit Card,Electronics
Senior,Other,HS,Clothing,Medium,Credit Card,Books
Senior,Other,HS,Home Goods,High,Debit Card,Home Goods
Senior,Other,HS,Home Goods,High,Online Payment,Electronics
Senior,Other,Master's,Books,Low,Credit Card,Home Goods
Senior,Other,Master's,Books,Medium,Debit Card,Electronics
Senior,Other,Master's,Books,Medium,Online Payment,Home Goods
Senior,Other,Master's,Books,Medium,Credit Card,Books
Senior,Other,Master's,Home Goods,High,Online Payment,Electronics
Senior,Other,Master's,Home Goods,Low,Credit Card,Home Goods
Senior,Other,Master's,Home Goods,Low,Online Payment,Books
Senior,Other,Master's,Home Goods,Medium,Debit Card,Electronics
Senior,Other,PhD,Books,Medium,Online Payment,Clothing
Senior,Other,PhD,Books,Medium,Debit Card,Books
Senior,Other,PhD,Books,Low,Online Payment,Electronics
Senior,Other,PhD,Books,Low,Debit Card,Electronics
Senior,Other,PhD,Books,High,Debit Card,Home Goods
Senior,Other,PhD,Books,High,Credit Card,Home Goods
Senior,Other,PhD,Clothing,High,Debit Card,Home Goods
Senior,Other,PhD,Clothing,High,Credit Card,Books
Senior,Other,PhD,Clothing,Low,Online Payment,Clothing
Senior,Other,PhD,Clothing,Medium,Credit Card,Electronics
Senior,Other,PhD,Clothing,Medium,Online Payment,Books
Senior,Other,PhD,Electronics,High,Debit Card,Home Goods
Senior,Other,PhD,Electronics,Low,Online Payment,Books
Senior,Other,PhD,Electronics,Low,Debit Card,Books
Senior,Other,PhD,Electronics,Medium,Online Payment,Clothing
Senior,Other,PhD,Electronics,Medium,Debit Card,Electronics
Senior,Other,PhD,Home Goods,High,Credit Card,Clothing
Senior,Other,PhD,Home Goods,High,Debit Card,Electronics

